[debug] [2026-06-13T09:57:37.015Z] [Firebase Plugin] Activating Firebase extension.
[debug] [2026-06-13T09:57:40.961Z] [Firebase Plugin] requireAuthWrapper
[debug] [2026-06-13T09:57:40.964Z] > command requires scopes: ["email","openid","https://www.googleapis.com/auth/cloudplatformprojects.readonly","https://www.googleapis.com/auth/firebase","https://www.googleapis.com/auth/cloud-platform"]
[error] [Firebase Plugin] requireAuth error: Could not load the default credentials. Browse to https://cloud.google.com/docs/authentication/getting-started for more information.
[info] [Firebase Plugin] Starting SQL Connect toolkit (version 3.4.10) on port 50001
[info] i  dataconnect: downloading dataconnect-emulator-3.4.10.exe... {"metadata":{"emulator":{"name":"dataconnect"},"message":"downloading dataconnect-emulator-3.4.10.exe..."}}
[debug] [2026-06-13T09:57:41.793Z] >>> [apiv2][query] GET https://storage.googleapis.com/firemat-preview-drop/emulator/dataconnect-emulator-windows-amd64-v3.4.10 
[debug] [2026-06-13T09:57:42.673Z] <<< [apiv2][status] GET https://storage.googleapis.com/firemat-preview-drop/emulator/dataconnect-emulator-windows-amd64-v3.4.10 200
[debug] [2026-06-13T09:57:42.674Z] <<< [apiv2][body] GET https://storage.googleapis.com/firemat-preview-drop/emulator/dataconnect-emulator-windows-amd64-v3.4.10 [stream]
[debug] [2026-06-13T09:57:49.704Z] 'fdc build' failed with error: Unable to build your SQL Connect schema and connectors (exit code 1): E0613 10:57:49.696688   38432 cmd.go:43] Error loading data connect config: could not find dataconnect.yaml in `c:\Users\DELL\Documents\GitHub\GAM_Med\dataconnect`
 {"metadata":{"emulator":{"name":"dataconnect"},"message":"'fdc build' failed with error: Unable to build your SQL Connect schema and connectors (exit code 1): E0613 10:57:49.696688   38432 cmd.go:43] Error loading data connect config: could not find dataconnect.yaml in `c:\\Users\\DELL\\Documents\\GitHub\\GAM_Med\\dataconnect`\n"}}
[debug] [2026-06-13T09:57:49.705Z] Ignoring unsupported arg: auto_download {"metadata":{"emulator":{"name":"dataconnect"},"message":"Ignoring unsupported arg: auto_download"}}
[debug] [2026-06-13T09:57:49.706Z] Ignoring unsupported arg: port {"metadata":{"emulator":{"name":"dataconnect"},"message":"Ignoring unsupported arg: port"}}
[debug] [2026-06-13T09:57:49.706Z] Starting SQL Connect Emulator with command {"binary":"C:\\Users\\DELL\\.cache\\firebase\\emulators\\dataconnect-emulator-3.4.10.exe","args":["--logtostderr","-v=2","dev","--listen=localhost:50001","--config_dir=c:\\Users\\DELL\\Documents\\GitHub\\GAM_Med\\dataconnect","--enable_output_schema_extensions=true","--enable_output_generated_sdk=true"],"optionalArgs":["listen","config_dir","enable_output_schema_extensions","enable_output_generated_sdk"],"joinArgs":true,"shell":false,"port":9399} {"metadata":{"emulator":{"name":"dataconnect"},"message":"Starting SQL Connect Emulator with command {\"binary\":\"C:\\\\Users\\\\DELL\\\\.cache\\\\firebase\\\\emulators\\\\dataconnect-emulator-3.4.10.exe\",\"args\":[\"--logtostderr\",\"-v=2\",\"dev\",\"--listen=localhost:50001\",\"--config_dir=c:\\\\Users\\\\DELL\\\\Documents\\\\GitHub\\\\GAM_Med\\\\dataconnect\",\"--enable_output_schema_extensions=true\",\"--enable_output_generated_sdk=true\"],\"optionalArgs\":[\"listen\",\"config_dir\",\"enable_output_schema_extensions\",\"enable_output_generated_sdk\"],\"joinArgs\":true,\"shell\":false,\"port\":9399}"}}
[info] i  dataconnect: SQL Connect Emulator logging to dataconnect-debug.log {"metadata":{"emulator":{"name":"dataconnect"},"message":"SQL Connect Emulator logging to \u001b[1mdataconnect-debug.log\u001b[22m"}}
[debug] [2026-06-13T09:57:49.801Z] E0613 10:57:49.798433    2616 dev.go:83] Failed to load initial config from "c:\\Users\\DELL\\Documents\\GitHub\\GAM_Med\\dataconnect": could not find dataconnect.yaml in `c:\Users\DELL\Documents\GitHub\GAM_Med\dataconnect`
 {"metadata":{"emulator":{"name":"dataconnect"},"message":"E0613 10:57:49.798433    2616 dev.go:83] Failed to load initial config from \"c:\\\\Users\\\\DELL\\\\Documents\\\\GitHub\\\\GAM_Med\\\\dataconnect\": could not find dataconnect.yaml in `c:\\Users\\DELL\\Documents\\GitHub\\GAM_Med\\dataconnect`\n"}}
[debug] [2026-06-13T09:57:49.802Z] E0613 10:57:49.803757    2616 watch.go:116] watchAllDir unable to walk dir `c:\Users\DELL\Documents\GitHub\GAM_Med\dataconnect`: GetFileAttributesEx c:\Users\DELL\Documents\GitHub\GAM_Med\dataconnect: The system cannot find the file specified.
 {"metadata":{"emulator":{"name":"dataconnect"},"message":"E0613 10:57:49.803757    2616 watch.go:116] watchAllDir unable to walk dir `c:\\Users\\DELL\\Documents\\GitHub\\GAM_Med\\dataconnect`: GetFileAttributesEx c:\\Users\\DELL\\Documents\\GitHub\\GAM_Med\\dataconnect: The system cannot find the file specified.\n"}}
[debug] [2026-06-13T09:57:49.823Z] I0613 10:57:49.824983    2616 dev.go:104] Listening on address (HTTP + gRPC): 127.0.0.1:50001
 {"metadata":{"emulator":{"name":"dataconnect"},"message":"I0613 10:57:49.824983    2616 dev.go:104] Listening on address (HTTP + gRPC): 127.0.0.1:50001\n"}}
[error] [Firebase Plugin] error:  {}
[debug] [2026-06-13T09:57:59.802Z] E0613 10:57:59.804395    2616 watch.go:40] Failed to load config from "c:\\Users\\DELL\\Documents\\GitHub\\GAM_Med\\dataconnect": could not find dataconnect.yaml in `c:\Users\DELL\Documents\GitHub\GAM_Med\dataconnect`
 {"metadata":{"emulator":{"name":"dataconnect"},"message":"E0613 10:57:59.804395    2616 watch.go:40] Failed to load config from \"c:\\\\Users\\\\DELL\\\\Documents\\\\GitHub\\\\GAM_Med\\\\dataconnect\": could not find dataconnect.yaml in `c:\\Users\\DELL\\Documents\\GitHub\\GAM_Med\\dataconnect`\n"}}
[debug] [2026-06-13T09:58:09.802Z] E0613 10:58:09.804439    2616 watch.go:40] Failed to load config from "c:\\Users\\DELL\\Documents\\GitHub\\GAM_Med\\dataconnect": could not find dataconnect.yaml in `c:\Users\DELL\Documents\GitHub\GAM_Med\dataconnect`
 {"metadata":{"emulator":{"name":"dataconnect"},"message":"E0613 10:58:09.804439    2616 watch.go:40] Failed to load config from \"c:\\\\Users\\\\DELL\\\\Documents\\\\GitHub\\\\GAM_Med\\\\dataconnect\": could not find dataconnect.yaml in `c:\\Users\\DELL\\Documents\\GitHub\\GAM_Med\\dataconnect`\n"}}
[debug] [2026-06-13T09:58:19.802Z] E0613 10:58:19.804038    2616 watch.go:40] Failed to load config from "c:\\Users\\DELL\\Documents\\GitHub\\GAM_Med\\dataconnect": could not find dataconnect.yaml in `c:\Users\DELL\Documents\GitHub\GAM_Med\dataconnect`
 {"metadata":{"emulator":{"name":"dataconnect"},"message":"E0613 10:58:19.804038    2616 watch.go:40] Failed to load config from \"c:\\\\Users\\\\DELL\\\\Documents\\\\GitHub\\\\GAM_Med\\\\dataconnect\": could not find dataconnect.yaml in `c:\\Users\\DELL\\Documents\\GitHub\\GAM_Med\\dataconnect`\n"}}
[debug] [2026-06-13T09:58:29.804Z] E0613 10:58:29.804598    2616 watch.go:40] Failed to load config from "c:\\Users\\DELL\\Documents\\GitHub\\GAM_Med\\dataconnect": could not find dataconnect.yaml in `c:\Users\DELL\Documents\GitHub\GAM_Med\dataconnect`
 {"metadata":{"emulator":{"name":"dataconnect"},"message":"E0613 10:58:29.804598    2616 watch.go:40] Failed to load config from \"c:\\\\Users\\\\DELL\\\\Documents\\\\GitHub\\\\GAM_Med\\\\dataconnect\": could not find dataconnect.yaml in `c:\\Users\\DELL\\Documents\\GitHub\\GAM_Med\\dataconnect`\n"}}
[debug] [2026-06-13T09:58:39.805Z] E0613 10:58:39.805058    2616 watch.go:40] Failed to load config from "c:\\Users\\DELL\\Documents\\GitHub\\GAM_Med\\dataconnect": could not find dataconnect.yaml in `c:\Users\DELL\Documents\GitHub\GAM_Med\dataconnect`
 {"metadata":{"emulator":{"name":"dataconnect"},"message":"E0613 10:58:39.805058    2616 watch.go:40] Failed to load config from \"c:\\\\Users\\\\DELL\\\\Documents\\\\GitHub\\\\GAM_Med\\\\dataconnect\": could not find dataconnect.yaml in `c:\\Users\\DELL\\Documents\\GitHub\\GAM_Med\\dataconnect`\n"}}
[debug] [2026-06-13T09:58:49.804Z] E0613 10:58:49.804420    2616 watch.go:116] watchAllDir unable to walk dir `c:\Users\DELL\Documents\GitHub\GAM_Med\dataconnect`: GetFileAttributesEx c:\Users\DELL\Documents\GitHub\GAM_Med\dataconnect: The system cannot find the file specified.
 {"metadata":{"emulator":{"name":"dataconnect"},"message":"E0613 10:58:49.804420    2616 watch.go:116] watchAllDir unable to walk dir `c:\\Users\\DELL\\Documents\\GitHub\\GAM_Med\\dataconnect`: GetFileAttributesEx c:\\Users\\DELL\\Documents\\GitHub\\GAM_Med\\dataconnect: The system cannot find the file specified.\n"}}
[debug] [2026-06-13T09:58:49.805Z] E0613 10:58:49.804928    2616 watch.go:40] Failed to load config from "c:\\Users\\DELL\\Documents\\GitHub\\GAM_Med\\dataconnect": could not find dataconnect.yaml in `c:\Users\DELL\Documents\GitHub\GAM_Med\dataconnect`
 {"metadata":{"emulator":{"name":"dataconnect"},"message":"E0613 10:58:49.804928    2616 watch.go:40] Failed to load config from \"c:\\\\Users\\\\DELL\\\\Documents\\\\GitHub\\\\GAM_Med\\\\dataconnect\": could not find dataconnect.yaml in `c:\\Users\\DELL\\Documents\\GitHub\\GAM_Med\\dataconnect`\n"}}
[debug] [2026-06-13T09:58:59.804Z] E0613 10:58:59.804497    2616 watch.go:40] Failed to load config from "c:\\Users\\DELL\\Documents\\GitHub\\GAM_Med\\dataconnect": could not find dataconnect.yaml in `c:\Users\DELL\Documents\GitHub\GAM_Med\dataconnect`
 {"metadata":{"emulator":{"name":"dataconnect"},"message":"E0613 10:58:59.804497    2616 watch.go:40] Failed to load config from \"c:\\\\Users\\\\DELL\\\\Documents\\\\GitHub\\\\GAM_Med\\\\dataconnect\": could not find dataconnect.yaml in `c:\\Users\\DELL\\Documents\\GitHub\\GAM_Med\\dataconnect`\n"}}
[debug] [2026-06-13T09:59:09.804Z] E0613 10:59:09.804298    2616 watch.go:40] Failed to load config from "c:\\Users\\DELL\\Documents\\GitHub\\GAM_Med\\dataconnect": could not find dataconnect.yaml in `c:\Users\DELL\Documents\GitHub\GAM_Med\dataconnect`
 {"metadata":{"emulator":{"name":"dataconnect"},"message":"E0613 10:59:09.804298    2616 watch.go:40] Failed to load config from \"c:\\\\Users\\\\DELL\\\\Documents\\\\GitHub\\\\GAM_Med\\\\dataconnect\": could not find dataconnect.yaml in `c:\\Users\\DELL\\Documents\\GitHub\\GAM_Med\\dataconnect`\n"}}
[debug] [2026-06-13T09:59:19.804Z] E0613 10:59:19.804630    2616 watch.go:40] Failed to load config from "c:\\Users\\DELL\\Documents\\GitHub\\GAM_Med\\dataconnect": could not find dataconnect.yaml in `c:\Users\DELL\Documents\GitHub\GAM_Med\dataconnect`
 {"metadata":{"emulator":{"name":"dataconnect"},"message":"E0613 10:59:19.804630    2616 watch.go:40] Failed to load config from \"c:\\\\Users\\\\DELL\\\\Documents\\\\GitHub\\\\GAM_Med\\\\dataconnect\": could not find dataconnect.yaml in `c:\\Users\\DELL\\Documents\\GitHub\\GAM_Med\\dataconnect`\n"}}
[debug] [2026-06-13T09:59:29.804Z] E0613 10:59:29.804375    2616 watch.go:40] Failed to load config from "c:\\Users\\DELL\\Documents\\GitHub\\GAM_Med\\dataconnect": could not find dataconnect.yaml in `c:\Users\DELL\Documents\GitHub\GAM_Med\dataconnect`
 {"metadata":{"emulator":{"name":"dataconnect"},"message":"E0613 10:59:29.804375    2616 watch.go:40] Failed to load config from \"c:\\\\Users\\\\DELL\\\\Documents\\\\GitHub\\\\GAM_Med\\\\dataconnect\": could not find dataconnect.yaml in `c:\\Users\\DELL\\Documents\\GitHub\\GAM_Med\\dataconnect`\n"}}
[debug] [2026-06-13T09:59:39.804Z] E0613 10:59:39.804726    2616 watch.go:40] Failed to load config from "c:\\Users\\DELL\\Documents\\GitHub\\GAM_Med\\dataconnect": could not find dataconnect.yaml in `c:\Users\DELL\Documents\GitHub\GAM_Med\dataconnect`
 {"metadata":{"emulator":{"name":"dataconnect"},"message":"E0613 10:59:39.804726    2616 watch.go:40] Failed to load config from \"c:\\\\Users\\\\DELL\\\\Documents\\\\GitHub\\\\GAM_Med\\\\dataconnect\": could not find dataconnect.yaml in `c:\\Users\\DELL\\Documents\\GitHub\\GAM_Med\\dataconnect`\n"}}
[debug] [2026-06-13T09:59:49.804Z] E0613 10:59:49.804232    2616 watch.go:116] watchAllDir unable to walk dir `c:\Users\DELL\Documents\GitHub\GAM_Med\dataconnect`: GetFileAttributesEx c:\Users\DELL\Documents\GitHub\GAM_Med\dataconnect: The system cannot find the file specified.
 {"metadata":{"emulator":{"name":"dataconnect"},"message":"E0613 10:59:49.804232    2616 watch.go:116] watchAllDir unable to walk dir `c:\\Users\\DELL\\Documents\\GitHub\\GAM_Med\\dataconnect`: GetFileAttributesEx c:\\Users\\DELL\\Documents\\GitHub\\GAM_Med\\dataconnect: The system cannot find the file specified.\n"}}
[debug] [2026-06-13T09:59:49.805Z] E0613 10:59:49.804232    2616 watch.go:40] Failed to load config from "c:\\Users\\DELL\\Documents\\GitHub\\GAM_Med\\dataconnect": could not find dataconnect.yaml in `c:\Users\DELL\Documents\GitHub\GAM_Med\dataconnect`
 {"metadata":{"emulator":{"name":"dataconnect"},"message":"E0613 10:59:49.804232    2616 watch.go:40] Failed to load config from \"c:\\\\Users\\\\DELL\\\\Documents\\\\GitHub\\\\GAM_Med\\\\dataconnect\": could not find dataconnect.yaml in `c:\\Users\\DELL\\Documents\\GitHub\\GAM_Med\\dataconnect`\n"}}
[debug] [2026-06-13T09:59:59.805Z] E0613 10:59:59.805055    2616 watch.go:40] Failed to load config from "c:\\Users\\DELL\\Documents\\GitHub\\GAM_Med\\dataconnect": could not find dataconnect.yaml in `c:\Users\DELL\Documents\GitHub\GAM_Med\dataconnect`
 {"metadata":{"emulator":{"name":"dataconnect"},"message":"E0613 10:59:59.805055    2616 watch.go:40] Failed to load config from \"c:\\\\Users\\\\DELL\\\\Documents\\\\GitHub\\\\GAM_Med\\\\dataconnect\": could not find dataconnect.yaml in `c:\\Users\\DELL\\Documents\\GitHub\\GAM_Med\\dataconnect`\n"}}
[debug] [2026-06-13T10:00:09.805Z] E0613 11:00:09.804986    2616 watch.go:40] Failed to load config from "c:\\Users\\DELL\\Documents\\GitHub\\GAM_Med\\dataconnect": could not find dataconnect.yaml in `c:\Users\DELL\Documents\GitHub\GAM_Med\dataconnect`
 {"metadata":{"emulator":{"name":"dataconnect"},"message":"E0613 11:00:09.804986    2616 watch.go:40] Failed to load config from \"c:\\\\Users\\\\DELL\\\\Documents\\\\GitHub\\\\GAM_Med\\\\dataconnect\": could not find dataconnect.yaml in `c:\\Users\\DELL\\Documents\\GitHub\\GAM_Med\\dataconnect`\n"}}
[debug] [2026-06-13T10:00:19.804Z] E0613 11:00:19.804286    2616 watch.go:40] Failed to load config from "c:\\Users\\DELL\\Documents\\GitHub\\GAM_Med\\dataconnect": could not find dataconnect.yaml in `c:\Users\DELL\Documents\GitHub\GAM_Med\dataconnect`
 {"metadata":{"emulator":{"name":"dataconnect"},"message":"E0613 11:00:19.804286    2616 watch.go:40] Failed to load config from \"c:\\\\Users\\\\DELL\\\\Documents\\\\GitHub\\\\GAM_Med\\\\dataconnect\": could not find dataconnect.yaml in `c:\\Users\\DELL\\Documents\\GitHub\\GAM_Med\\dataconnect`\n"}}
[debug] [2026-06-13T10:00:29.807Z] E0613 11:00:29.806270    2616 watch.go:40] Failed to load config from "c:\\Users\\DELL\\Documents\\GitHub\\GAM_Med\\dataconnect": could not find dataconnect.yaml in `c:\Users\DELL\Documents\GitHub\GAM_Med\dataconnect`
 {"metadata":{"emulator":{"name":"dataconnect"},"message":"E0613 11:00:29.806270    2616 watch.go:40] Failed to load config from \"c:\\\\Users\\\\DELL\\\\Documents\\\\GitHub\\\\GAM_Med\\\\dataconnect\": could not find dataconnect.yaml in `c:\\Users\\DELL\\Documents\\GitHub\\GAM_Med\\dataconnect`\n"}}
[debug] [2026-06-13T10:00:39.805Z] E0613 11:00:39.804970    2616 watch.go:40] Failed to load config from "c:\\Users\\DELL\\Documents\\GitHub\\GAM_Med\\dataconnect": could not find dataconnect.yaml in `c:\Users\DELL\Documents\GitHub\GAM_Med\dataconnect`
 {"metadata":{"emulator":{"name":"dataconnect"},"message":"E0613 11:00:39.804970    2616 watch.go:40] Failed to load config from \"c:\\\\Users\\\\DELL\\\\Documents\\\\GitHub\\\\GAM_Med\\\\dataconnect\": could not find dataconnect.yaml in `c:\\Users\\DELL\\Documents\\GitHub\\GAM_Med\\dataconnect`\n"}}
[debug] [2026-06-13T10:00:49.804Z] E0613 11:00:49.804416    2616 watch.go:116] watchAllDir unable to walk dir `c:\Users\DELL\Documents\GitHub\GAM_Med\dataconnect`: GetFileAttributesEx c:\Users\DELL\Documents\GitHub\GAM_Med\dataconnect: The system cannot find the file specified.
 {"metadata":{"emulator":{"name":"dataconnect"},"message":"E0613 11:00:49.804416    2616 watch.go:116] watchAllDir unable to walk dir `c:\\Users\\DELL\\Documents\\GitHub\\GAM_Med\\dataconnect`: GetFileAttributesEx c:\\Users\\DELL\\Documents\\GitHub\\GAM_Med\\dataconnect: The system cannot find the file specified.\n"}}
[debug] [2026-06-13T10:00:49.805Z] E0613 11:00:49.804928    2616 watch.go:40] Failed to load config from "c:\\Users\\DELL\\Documents\\GitHub\\GAM_Med\\dataconnect": could not find dataconnect.yaml in `c:\Users\DELL\Documents\GitHub\GAM_Med\dataconnect`
 {"metadata":{"emulator":{"name":"dataconnect"},"message":"E0613 11:00:49.804928    2616 watch.go:40] Failed to load config from \"c:\\\\Users\\\\DELL\\\\Documents\\\\GitHub\\\\GAM_Med\\\\dataconnect\": could not find dataconnect.yaml in `c:\\Users\\DELL\\Documents\\GitHub\\GAM_Med\\dataconnect`\n"}}
[debug] [2026-06-13T10:00:59.804Z] E0613 11:00:59.804130    2616 watch.go:40] Failed to load config from "c:\\Users\\DELL\\Documents\\GitHub\\GAM_Med\\dataconnect": could not find dataconnect.yaml in `c:\Users\DELL\Documents\GitHub\GAM_Med\dataconnect`
 {"metadata":{"emulator":{"name":"dataconnect"},"message":"E0613 11:00:59.804130    2616 watch.go:40] Failed to load config from \"c:\\\\Users\\\\DELL\\\\Documents\\\\GitHub\\\\GAM_Med\\\\dataconnect\": could not find dataconnect.yaml in `c:\\Users\\DELL\\Documents\\GitHub\\GAM_Med\\dataconnect`\n"}}
[debug] [2026-06-13T10:01:09.804Z] E0613 11:01:09.804161    2616 watch.go:40] Failed to load config from "c:\\Users\\DELL\\Documents\\GitHub\\GAM_Med\\dataconnect": could not find dataconnect.yaml in `c:\Users\DELL\Documents\GitHub\GAM_Med\dataconnect`
 {"metadata":{"emulator":{"name":"dataconnect"},"message":"E0613 11:01:09.804161    2616 watch.go:40] Failed to load config from \"c:\\\\Users\\\\DELL\\\\Documents\\\\GitHub\\\\GAM_Med\\\\dataconnect\": could not find dataconnect.yaml in `c:\\Users\\DELL\\Documents\\GitHub\\GAM_Med\\dataconnect`\n"}}
[debug] [2026-06-13T10:01:19.805Z] E0613 11:01:19.805189    2616 watch.go:40] Failed to load config from "c:\\Users\\DELL\\Documents\\GitHub\\GAM_Med\\dataconnect": could not find dataconnect.yaml in `c:\Users\DELL\Documents\GitHub\GAM_Med\dataconnect`
 {"metadata":{"emulator":{"name":"dataconnect"},"message":"E0613 11:01:19.805189    2616 watch.go:40] Failed to load config from \"c:\\\\Users\\\\DELL\\\\Documents\\\\GitHub\\\\GAM_Med\\\\dataconnect\": could not find dataconnect.yaml in `c:\\Users\\DELL\\Documents\\GitHub\\GAM_Med\\dataconnect`\n"}}
[debug] [2026-06-13T10:01:29.804Z] E0613 11:01:29.804258    2616 watch.go:40] Failed to load config from "c:\\Users\\DELL\\Documents\\GitHub\\GAM_Med\\dataconnect": could not find dataconnect.yaml in `c:\Users\DELL\Documents\GitHub\GAM_Med\dataconnect`
 {"metadata":{"emulator":{"name":"dataconnect"},"message":"E0613 11:01:29.804258    2616 watch.go:40] Failed to load config from \"c:\\\\Users\\\\DELL\\\\Documents\\\\GitHub\\\\GAM_Med\\\\dataconnect\": could not find dataconnect.yaml in `c:\\Users\\DELL\\Documents\\GitHub\\GAM_Med\\dataconnect`\n"}}
[debug] [2026-06-13T10:01:39.805Z] E0613 11:01:39.804700    2616 watch.go:40] Failed to load config from "c:\\Users\\DELL\\Documents\\GitHub\\GAM_Med\\dataconnect": could not find dataconnect.yaml in `c:\Users\DELL\Documents\GitHub\GAM_Med\dataconnect`
 {"metadata":{"emulator":{"name":"dataconnect"},"message":"E0613 11:01:39.804700    2616 watch.go:40] Failed to load config from \"c:\\\\Users\\\\DELL\\\\Documents\\\\GitHub\\\\GAM_Med\\\\dataconnect\": could not find dataconnect.yaml in `c:\\Users\\DELL\\Documents\\GitHub\\GAM_Med\\dataconnect`\n"}}
[debug] [2026-06-13T10:01:49.804Z] E0613 11:01:49.804383    2616 watch.go:116] watchAllDir unable to walk dir `c:\Users\DELL\Documents\GitHub\GAM_Med\dataconnect`: GetFileAttributesEx c:\Users\DELL\Documents\GitHub\GAM_Med\dataconnect: The system cannot find the file specified.
 {"metadata":{"emulator":{"name":"dataconnect"},"message":"E0613 11:01:49.804383    2616 watch.go:116] watchAllDir unable to walk dir `c:\\Users\\DELL\\Documents\\GitHub\\GAM_Med\\dataconnect`: GetFileAttributesEx c:\\Users\\DELL\\Documents\\GitHub\\GAM_Med\\dataconnect: The system cannot find the file specified.\n"}}
[debug] [2026-06-13T10:01:49.806Z] E0613 11:01:49.804498    2616 watch.go:40] Failed to load config from "c:\\Users\\DELL\\Documents\\GitHub\\GAM_Med\\dataconnect": could not find dataconnect.yaml in `c:\Users\DELL\Documents\GitHub\GAM_Med\dataconnect`
 {"metadata":{"emulator":{"name":"dataconnect"},"message":"E0613 11:01:49.804498    2616 watch.go:40] Failed to load config from \"c:\\\\Users\\\\DELL\\\\Documents\\\\GitHub\\\\GAM_Med\\\\dataconnect\": could not find dataconnect.yaml in `c:\\Users\\DELL\\Documents\\GitHub\\GAM_Med\\dataconnect`\n"}}
[debug] [2026-06-13T10:01:59.805Z] E0613 11:01:59.804704    2616 watch.go:40] Failed to load config from "c:\\Users\\DELL\\Documents\\GitHub\\GAM_Med\\dataconnect": could not find dataconnect.yaml in `c:\Users\DELL\Documents\GitHub\GAM_Med\dataconnect`
 {"metadata":{"emulator":{"name":"dataconnect"},"message":"E0613 11:01:59.804704    2616 watch.go:40] Failed to load config from \"c:\\\\Users\\\\DELL\\\\Documents\\\\GitHub\\\\GAM_Med\\\\dataconnect\": could not find dataconnect.yaml in `c:\\Users\\DELL\\Documents\\GitHub\\GAM_Med\\dataconnect`\n"}}
[debug] [2026-06-13T10:02:09.805Z] E0613 11:02:09.804771    2616 watch.go:40] Failed to load config from "c:\\Users\\DELL\\Documents\\GitHub\\GAM_Med\\dataconnect": could not find dataconnect.yaml in `c:\Users\DELL\Documents\GitHub\GAM_Med\dataconnect`
 {"metadata":{"emulator":{"name":"dataconnect"},"message":"E0613 11:02:09.804771    2616 watch.go:40] Failed to load config from \"c:\\\\Users\\\\DELL\\\\Documents\\\\GitHub\\\\GAM_Med\\\\dataconnect\": could not find dataconnect.yaml in `c:\\Users\\DELL\\Documents\\GitHub\\GAM_Med\\dataconnect`\n"}}
[debug] [2026-06-13T10:02:19.805Z] E0613 11:02:19.805229    2616 watch.go:40] Failed to load config from "c:\\Users\\DELL\\Documents\\GitHub\\GAM_Med\\dataconnect": could not find dataconnect.yaml in `c:\Users\DELL\Documents\GitHub\GAM_Med\dataconnect`
 {"metadata":{"emulator":{"name":"dataconnect"},"message":"E0613 11:02:19.805229    2616 watch.go:40] Failed to load config from \"c:\\\\Users\\\\DELL\\\\Documents\\\\GitHub\\\\GAM_Med\\\\dataconnect\": could not find dataconnect.yaml in `c:\\Users\\DELL\\Documents\\GitHub\\GAM_Med\\dataconnect`\n"}}
[debug] [2026-06-13T10:02:29.804Z] E0613 11:02:29.804165    2616 watch.go:40] Failed to load config from "c:\\Users\\DELL\\Documents\\GitHub\\GAM_Med\\dataconnect": could not find dataconnect.yaml in `c:\Users\DELL\Documents\GitHub\GAM_Med\dataconnect`
 {"metadata":{"emulator":{"name":"dataconnect"},"message":"E0613 11:02:29.804165    2616 watch.go:40] Failed to load config from \"c:\\\\Users\\\\DELL\\\\Documents\\\\GitHub\\\\GAM_Med\\\\dataconnect\": could not find dataconnect.yaml in `c:\\Users\\DELL\\Documents\\GitHub\\GAM_Med\\dataconnect`\n"}}
[debug] [2026-06-13T10:02:39.804Z] E0613 11:02:39.804246    2616 watch.go:40] Failed to load config from "c:\\Users\\DELL\\Documents\\GitHub\\GAM_Med\\dataconnect": could not find dataconnect.yaml in `c:\Users\DELL\Documents\GitHub\GAM_Med\dataconnect`
 {"metadata":{"emulator":{"name":"dataconnect"},"message":"E0613 11:02:39.804246    2616 watch.go:40] Failed to load config from \"c:\\\\Users\\\\DELL\\\\Documents\\\\GitHub\\\\GAM_Med\\\\dataconnect\": could not find dataconnect.yaml in `c:\\Users\\DELL\\Documents\\GitHub\\GAM_Med\\dataconnect`\n"}}
[debug] [2026-06-13T10:02:49.803Z] E0613 11:02:49.804104    2616 watch.go:116] watchAllDir unable to walk dir `c:\Users\DELL\Documents\GitHub\GAM_Med\dataconnect`: GetFileAttributesEx c:\Users\DELL\Documents\GitHub\GAM_Med\dataconnect: The system cannot find the file specified.
 {"metadata":{"emulator":{"name":"dataconnect"},"message":"E0613 11:02:49.804104    2616 watch.go:116] watchAllDir unable to walk dir `c:\\Users\\DELL\\Documents\\GitHub\\GAM_Med\\dataconnect`: GetFileAttributesEx c:\\Users\\DELL\\Documents\\GitHub\\GAM_Med\\dataconnect: The system cannot find the file specified.\n"}}
[debug] [2026-06-13T10:02:49.804Z] E0613 11:02:49.804104    2616 watch.go:40] Failed to load config from "c:\\Users\\DELL\\Documents\\GitHub\\GAM_Med\\dataconnect": could not find dataconnect.yaml in `c:\Users\DELL\Documents\GitHub\GAM_Med\dataconnect`
 {"metadata":{"emulator":{"name":"dataconnect"},"message":"E0613 11:02:49.804104    2616 watch.go:40] Failed to load config from \"c:\\\\Users\\\\DELL\\\\Documents\\\\GitHub\\\\GAM_Med\\\\dataconnect\": could not find dataconnect.yaml in `c:\\Users\\DELL\\Documents\\GitHub\\GAM_Med\\dataconnect`\n"}}
[debug] [2026-06-13T10:02:59.803Z] E0613 11:02:59.804311    2616 watch.go:40] Failed to load config from "c:\\Users\\DELL\\Documents\\GitHub\\GAM_Med\\dataconnect": could not find dataconnect.yaml in `c:\Users\DELL\Documents\GitHub\GAM_Med\dataconnect`
 {"metadata":{"emulator":{"name":"dataconnect"},"message":"E0613 11:02:59.804311    2616 watch.go:40] Failed to load config from \"c:\\\\Users\\\\DELL\\\\Documents\\\\GitHub\\\\GAM_Med\\\\dataconnect\": could not find dataconnect.yaml in `c:\\Users\\DELL\\Documents\\GitHub\\GAM_Med\\dataconnect`\n"}}
[debug] [2026-06-13T10:03:09.803Z] E0613 11:03:09.803975    2616 watch.go:40] Failed to load config from "c:\\Users\\DELL\\Documents\\GitHub\\GAM_Med\\dataconnect": could not find dataconnect.yaml in `c:\Users\DELL\Documents\GitHub\GAM_Med\dataconnect`
 {"metadata":{"emulator":{"name":"dataconnect"},"message":"E0613 11:03:09.803975    2616 watch.go:40] Failed to load config from \"c:\\\\Users\\\\DELL\\\\Documents\\\\GitHub\\\\GAM_Med\\\\dataconnect\": could not find dataconnect.yaml in `c:\\Users\\DELL\\Documents\\GitHub\\GAM_Med\\dataconnect`\n"}}
[debug] [2026-06-13T10:03:19.803Z] E0613 11:03:19.804076    2616 watch.go:40] Failed to load config from "c:\\Users\\DELL\\Documents\\GitHub\\GAM_Med\\dataconnect": could not find dataconnect.yaml in `c:\Users\DELL\Documents\GitHub\GAM_Med\dataconnect`
 {"metadata":{"emulator":{"name":"dataconnect"},"message":"E0613 11:03:19.804076    2616 watch.go:40] Failed to load config from \"c:\\\\Users\\\\DELL\\\\Documents\\\\GitHub\\\\GAM_Med\\\\dataconnect\": could not find dataconnect.yaml in `c:\\Users\\DELL\\Documents\\GitHub\\GAM_Med\\dataconnect`\n"}}
[debug] [2026-06-13T10:03:29.803Z] E0613 11:03:29.804131    2616 watch.go:40] Failed to load config from "c:\\Users\\DELL\\Documents\\GitHub\\GAM_Med\\dataconnect": could not find dataconnect.yaml in `c:\Users\DELL\Documents\GitHub\GAM_Med\dataconnect`
 {"metadata":{"emulator":{"name":"dataconnect"},"message":"E0613 11:03:29.804131    2616 watch.go:40] Failed to load config from \"c:\\\\Users\\\\DELL\\\\Documents\\\\GitHub\\\\GAM_Med\\\\dataconnect\": could not find dataconnect.yaml in `c:\\Users\\DELL\\Documents\\GitHub\\GAM_Med\\dataconnect`\n"}}
[debug] [2026-06-13T10:03:39.803Z] E0613 11:03:39.804311    2616 watch.go:40] Failed to load config from "c:\\Users\\DELL\\Documents\\GitHub\\GAM_Med\\dataconnect": could not find dataconnect.yaml in `c:\Users\DELL\Documents\GitHub\GAM_Med\dataconnect`
 {"metadata":{"emulator":{"name":"dataconnect"},"message":"E0613 11:03:39.804311    2616 watch.go:40] Failed to load config from \"c:\\\\Users\\\\DELL\\\\Documents\\\\GitHub\\\\GAM_Med\\\\dataconnect\": could not find dataconnect.yaml in `c:\\Users\\DELL\\Documents\\GitHub\\GAM_Med\\dataconnect`\n"}}
[debug] [2026-06-13T10:03:49.803Z] E0613 11:03:49.804217    2616 watch.go:116] watchAllDir unable to walk dir `c:\Users\DELL\Documents\GitHub\GAM_Med\dataconnect`: GetFileAttributesEx c:\Users\DELL\Documents\GitHub\GAM_Med\dataconnect: The system cannot find the file specified.
 {"metadata":{"emulator":{"name":"dataconnect"},"message":"E0613 11:03:49.804217    2616 watch.go:116] watchAllDir unable to walk dir `c:\\Users\\DELL\\Documents\\GitHub\\GAM_Med\\dataconnect`: GetFileAttributesEx c:\\Users\\DELL\\Documents\\GitHub\\GAM_Med\\dataconnect: The system cannot find the file specified.\n"}}
[debug] [2026-06-13T10:03:49.804Z] E0613 11:03:49.804217    2616 watch.go:40] Failed to load config from "c:\\Users\\DELL\\Documents\\GitHub\\GAM_Med\\dataconnect": could not find dataconnect.yaml in `c:\Users\DELL\Documents\GitHub\GAM_Med\dataconnect`
 {"metadata":{"emulator":{"name":"dataconnect"},"message":"E0613 11:03:49.804217    2616 watch.go:40] Failed to load config from \"c:\\\\Users\\\\DELL\\\\Documents\\\\GitHub\\\\GAM_Med\\\\dataconnect\": could not find dataconnect.yaml in `c:\\Users\\DELL\\Documents\\GitHub\\GAM_Med\\dataconnect`\n"}}
[debug] [2026-06-13T10:03:59.804Z] E0613 11:03:59.804360    2616 watch.go:40] Failed to load config from "c:\\Users\\DELL\\Documents\\GitHub\\GAM_Med\\dataconnect": could not find dataconnect.yaml in `c:\Users\DELL\Documents\GitHub\GAM_Med\dataconnect`
 {"metadata":{"emulator":{"name":"dataconnect"},"message":"E0613 11:03:59.804360    2616 watch.go:40] Failed to load config from \"c:\\\\Users\\\\DELL\\\\Documents\\\\GitHub\\\\GAM_Med\\\\dataconnect\": could not find dataconnect.yaml in `c:\\Users\\DELL\\Documents\\GitHub\\GAM_Med\\dataconnect`\n"}}
[debug] [2026-06-13T10:04:09.804Z] E0613 11:04:09.804498    2616 watch.go:40] Failed to load config from "c:\\Users\\DELL\\Documents\\GitHub\\GAM_Med\\dataconnect": could not find dataconnect.yaml in `c:\Users\DELL\Documents\GitHub\GAM_Med\dataconnect`
 {"metadata":{"emulator":{"name":"dataconnect"},"message":"E0613 11:04:09.804498    2616 watch.go:40] Failed to load config from \"c:\\\\Users\\\\DELL\\\\Documents\\\\GitHub\\\\GAM_Med\\\\dataconnect\": could not find dataconnect.yaml in `c:\\Users\\DELL\\Documents\\GitHub\\GAM_Med\\dataconnect`\n"}}
[debug] [2026-06-13T10:04:19.804Z] E0613 11:04:19.804652    2616 watch.go:40] Failed to load config from "c:\\Users\\DELL\\Documents\\GitHub\\GAM_Med\\dataconnect": could not find dataconnect.yaml in `c:\Users\DELL\Documents\GitHub\GAM_Med\dataconnect`
 {"metadata":{"emulator":{"name":"dataconnect"},"message":"E0613 11:04:19.804652    2616 watch.go:40] Failed to load config from \"c:\\\\Users\\\\DELL\\\\Documents\\\\GitHub\\\\GAM_Med\\\\dataconnect\": could not find dataconnect.yaml in `c:\\Users\\DELL\\Documents\\GitHub\\GAM_Med\\dataconnect`\n"}}
[debug] [2026-06-13T10:04:29.804Z] E0613 11:04:29.804303    2616 watch.go:40] Failed to load config from "c:\\Users\\DELL\\Documents\\GitHub\\GAM_Med\\dataconnect": could not find dataconnect.yaml in `c:\Users\DELL\Documents\GitHub\GAM_Med\dataconnect`
 {"metadata":{"emulator":{"name":"dataconnect"},"message":"E0613 11:04:29.804303    2616 watch.go:40] Failed to load config from \"c:\\\\Users\\\\DELL\\\\Documents\\\\GitHub\\\\GAM_Med\\\\dataconnect\": could not find dataconnect.yaml in `c:\\Users\\DELL\\Documents\\GitHub\\GAM_Med\\dataconnect`\n"}}
[debug] [2026-06-13T10:04:39.804Z] E0613 11:04:39.804917    2616 watch.go:40] Failed to load config from "c:\\Users\\DELL\\Documents\\GitHub\\GAM_Med\\dataconnect": could not find dataconnect.yaml in `c:\Users\DELL\Documents\GitHub\GAM_Med\dataconnect`
 {"metadata":{"emulator":{"name":"dataconnect"},"message":"E0613 11:04:39.804917    2616 watch.go:40] Failed to load config from \"c:\\\\Users\\\\DELL\\\\Documents\\\\GitHub\\\\GAM_Med\\\\dataconnect\": could not find dataconnect.yaml in `c:\\Users\\DELL\\Documents\\GitHub\\GAM_Med\\dataconnect`\n"}}
[debug] [2026-06-13T10:04:49.804Z] E0613 11:04:49.804361    2616 watch.go:116] watchAllDir unable to walk dir `c:\Users\DELL\Documents\GitHub\GAM_Med\dataconnect`: GetFileAttributesEx c:\Users\DELL\Documents\GitHub\GAM_Med\dataconnect: The system cannot find the file specified.
 {"metadata":{"emulator":{"name":"dataconnect"},"message":"E0613 11:04:49.804361    2616 watch.go:116] watchAllDir unable to walk dir `c:\\Users\\DELL\\Documents\\GitHub\\GAM_Med\\dataconnect`: GetFileAttributesEx c:\\Users\\DELL\\Documents\\GitHub\\GAM_Med\\dataconnect: The system cannot find the file specified.\n"}}
[debug] [2026-06-13T10:04:49.805Z] E0613 11:04:49.804867    2616 watch.go:40] Failed to load config from "c:\\Users\\DELL\\Documents\\GitHub\\GAM_Med\\dataconnect": could not find dataconnect.yaml in `c:\Users\DELL\Documents\GitHub\GAM_Med\dataconnect`
 {"metadata":{"emulator":{"name":"dataconnect"},"message":"E0613 11:04:49.804867    2616 watch.go:40] Failed to load config from \"c:\\\\Users\\\\DELL\\\\Documents\\\\GitHub\\\\GAM_Med\\\\dataconnect\": could not find dataconnect.yaml in `c:\\Users\\DELL\\Documents\\GitHub\\GAM_Med\\dataconnect`\n"}}
[debug] [2026-06-13T10:04:59.805Z] E0613 11:04:59.804867    2616 watch.go:40] Failed to load config from "c:\\Users\\DELL\\Documents\\GitHub\\GAM_Med\\dataconnect": could not find dataconnect.yaml in `c:\Users\DELL\Documents\GitHub\GAM_Med\dataconnect`
 {"metadata":{"emulator":{"name":"dataconnect"},"message":"E0613 11:04:59.804867    2616 watch.go:40] Failed to load config from \"c:\\\\Users\\\\DELL\\\\Documents\\\\GitHub\\\\GAM_Med\\\\dataconnect\": could not find dataconnect.yaml in `c:\\Users\\DELL\\Documents\\GitHub\\GAM_Med\\dataconnect`\n"}}
[debug] [2026-06-13T10:05:09.804Z] E0613 11:05:09.804421    2616 watch.go:40] Failed to load config from "c:\\Users\\DELL\\Documents\\GitHub\\GAM_Med\\dataconnect": could not find dataconnect.yaml in `c:\Users\DELL\Documents\GitHub\GAM_Med\dataconnect`
 {"metadata":{"emulator":{"name":"dataconnect"},"message":"E0613 11:05:09.804421    2616 watch.go:40] Failed to load config from \"c:\\\\Users\\\\DELL\\\\Documents\\\\GitHub\\\\GAM_Med\\\\dataconnect\": could not find dataconnect.yaml in `c:\\Users\\DELL\\Documents\\GitHub\\GAM_Med\\dataconnect`\n"}}
[debug] [2026-06-13T10:05:19.805Z] E0613 11:05:19.804480    2616 watch.go:40] Failed to load config from "c:\\Users\\DELL\\Documents\\GitHub\\GAM_Med\\dataconnect": could not find dataconnect.yaml in `c:\Users\DELL\Documents\GitHub\GAM_Med\dataconnect`
 {"metadata":{"emulator":{"name":"dataconnect"},"message":"E0613 11:05:19.804480    2616 watch.go:40] Failed to load config from \"c:\\\\Users\\\\DELL\\\\Documents\\\\GitHub\\\\GAM_Med\\\\dataconnect\": could not find dataconnect.yaml in `c:\\Users\\DELL\\Documents\\GitHub\\GAM_Med\\dataconnect`\n"}}
[debug] [2026-06-13T10:05:29.805Z] E0613 11:05:29.804624    2616 watch.go:40] Failed to load config from "c:\\Users\\DELL\\Documents\\GitHub\\GAM_Med\\dataconnect": could not find dataconnect.yaml in `c:\Users\DELL\Documents\GitHub\GAM_Med\dataconnect`
 {"metadata":{"emulator":{"name":"dataconnect"},"message":"E0613 11:05:29.804624    2616 watch.go:40] Failed to load config from \"c:\\\\Users\\\\DELL\\\\Documents\\\\GitHub\\\\GAM_Med\\\\dataconnect\": could not find dataconnect.yaml in `c:\\Users\\DELL\\Documents\\GitHub\\GAM_Med\\dataconnect`\n"}}
[debug] [2026-06-13T10:05:39.804Z] E0613 11:05:39.804319    2616 watch.go:40] Failed to load config from "c:\\Users\\DELL\\Documents\\GitHub\\GAM_Med\\dataconnect": could not find dataconnect.yaml in `c:\Users\DELL\Documents\GitHub\GAM_Med\dataconnect`
 {"metadata":{"emulator":{"name":"dataconnect"},"message":"E0613 11:05:39.804319    2616 watch.go:40] Failed to load config from \"c:\\\\Users\\\\DELL\\\\Documents\\\\GitHub\\\\GAM_Med\\\\dataconnect\": could not find dataconnect.yaml in `c:\\Users\\DELL\\Documents\\GitHub\\GAM_Med\\dataconnect`\n"}}
[debug] [2026-06-13T10:05:49.803Z] E0613 11:05:49.804147    2616 watch.go:116] watchAllDir unable to walk dir `c:\Users\DELL\Documents\GitHub\GAM_Med\dataconnect`: GetFileAttributesEx c:\Users\DELL\Documents\GitHub\GAM_Med\dataconnect: The system cannot find the file specified.
 {"metadata":{"emulator":{"name":"dataconnect"},"message":"E0613 11:05:49.804147    2616 watch.go:116] watchAllDir unable to walk dir `c:\\Users\\DELL\\Documents\\GitHub\\GAM_Med\\dataconnect`: GetFileAttributesEx c:\\Users\\DELL\\Documents\\GitHub\\GAM_Med\\dataconnect: The system cannot find the file specified.\n"}}
[debug] [2026-06-13T10:05:49.804Z] E0613 11:05:49.804724    2616 watch.go:40] Failed to load config from "c:\\Users\\DELL\\Documents\\GitHub\\GAM_Med\\dataconnect": could not find dataconnect.yaml in `c:\Users\DELL\Documents\GitHub\GAM_Med\dataconnect`
 {"metadata":{"emulator":{"name":"dataconnect"},"message":"E0613 11:05:49.804724    2616 watch.go:40] Failed to load config from \"c:\\\\Users\\\\DELL\\\\Documents\\\\GitHub\\\\GAM_Med\\\\dataconnect\": could not find dataconnect.yaml in `c:\\Users\\DELL\\Documents\\GitHub\\GAM_Med\\dataconnect`\n"}}
[debug] [2026-06-13T10:05:59.803Z] E0613 11:05:59.804709    2616 watch.go:40] Failed to load config from "c:\\Users\\DELL\\Documents\\GitHub\\GAM_Med\\dataconnect": could not find dataconnect.yaml in `c:\Users\DELL\Documents\GitHub\GAM_Med\dataconnect`
 {"metadata":{"emulator":{"name":"dataconnect"},"message":"E0613 11:05:59.804709    2616 watch.go:40] Failed to load config from \"c:\\\\Users\\\\DELL\\\\Documents\\\\GitHub\\\\GAM_Med\\\\dataconnect\": could not find dataconnect.yaml in `c:\\Users\\DELL\\Documents\\GitHub\\GAM_Med\\dataconnect`\n"}}
[debug] [2026-06-13T10:06:09.803Z] E0613 11:06:09.804404    2616 watch.go:40] Failed to load config from "c:\\Users\\DELL\\Documents\\GitHub\\GAM_Med\\dataconnect": could not find dataconnect.yaml in `c:\Users\DELL\Documents\GitHub\GAM_Med\dataconnect`
 {"metadata":{"emulator":{"name":"dataconnect"},"message":"E0613 11:06:09.804404    2616 watch.go:40] Failed to load config from \"c:\\\\Users\\\\DELL\\\\Documents\\\\GitHub\\\\GAM_Med\\\\dataconnect\": could not find dataconnect.yaml in `c:\\Users\\DELL\\Documents\\GitHub\\GAM_Med\\dataconnect`\n"}}
[debug] [2026-06-13T10:06:19.805Z] E0613 11:06:19.805634    2616 watch.go:40] Failed to load config from "c:\\Users\\DELL\\Documents\\GitHub\\GAM_Med\\dataconnect": could not find dataconnect.yaml in `c:\Users\DELL\Documents\GitHub\GAM_Med\dataconnect`
 {"metadata":{"emulator":{"name":"dataconnect"},"message":"E0613 11:06:19.805634    2616 watch.go:40] Failed to load config from \"c:\\\\Users\\\\DELL\\\\Documents\\\\GitHub\\\\GAM_Med\\\\dataconnect\": could not find dataconnect.yaml in `c:\\Users\\DELL\\Documents\\GitHub\\GAM_Med\\dataconnect`\n"}}
[debug] [2026-06-13T10:06:29.804Z] E0613 11:06:29.804660    2616 watch.go:40] Failed to load config from "c:\\Users\\DELL\\Documents\\GitHub\\GAM_Med\\dataconnect": could not find dataconnect.yaml in `c:\Users\DELL\Documents\GitHub\GAM_Med\dataconnect`
 {"metadata":{"emulator":{"name":"dataconnect"},"message":"E0613 11:06:29.804660    2616 watch.go:40] Failed to load config from \"c:\\\\Users\\\\DELL\\\\Documents\\\\GitHub\\\\GAM_Med\\\\dataconnect\": could not find dataconnect.yaml in `c:\\Users\\DELL\\Documents\\GitHub\\GAM_Med\\dataconnect`\n"}}
[debug] [2026-06-13T10:06:39.803Z] E0613 11:06:39.804291    2616 watch.go:40] Failed to load config from "c:\\Users\\DELL\\Documents\\GitHub\\GAM_Med\\dataconnect": could not find dataconnect.yaml in `c:\Users\DELL\Documents\GitHub\GAM_Med\dataconnect`
 {"metadata":{"emulator":{"name":"dataconnect"},"message":"E0613 11:06:39.804291    2616 watch.go:40] Failed to load config from \"c:\\\\Users\\\\DELL\\\\Documents\\\\GitHub\\\\GAM_Med\\\\dataconnect\": could not find dataconnect.yaml in `c:\\Users\\DELL\\Documents\\GitHub\\GAM_Med\\dataconnect`\n"}}
[debug] [2026-06-13T10:06:49.804Z] E0613 11:06:49.804145    2616 watch.go:116] watchAllDir unable to walk dir `c:\Users\DELL\Documents\GitHub\GAM_Med\dataconnect`: GetFileAttributesEx c:\Users\DELL\Documents\GitHub\GAM_Med\dataconnect: The system cannot find the file specified.
 {"metadata":{"emulator":{"name":"dataconnect"},"message":"E0613 11:06:49.804145    2616 watch.go:116] watchAllDir unable to walk dir `c:\\Users\\DELL\\Documents\\GitHub\\GAM_Med\\dataconnect`: GetFileAttributesEx c:\\Users\\DELL\\Documents\\GitHub\\GAM_Med\\dataconnect: The system cannot find the file specified.\n"}}
[debug] [2026-06-13T10:06:49.805Z] E0613 11:06:49.804287    2616 watch.go:40] Failed to load config from "c:\\Users\\DELL\\Documents\\GitHub\\GAM_Med\\dataconnect": could not find dataconnect.yaml in `c:\Users\DELL\Documents\GitHub\GAM_Med\dataconnect`
 {"metadata":{"emulator":{"name":"dataconnect"},"message":"E0613 11:06:49.804287    2616 watch.go:40] Failed to load config from \"c:\\\\Users\\\\DELL\\\\Documents\\\\GitHub\\\\GAM_Med\\\\dataconnect\": could not find dataconnect.yaml in `c:\\Users\\DELL\\Documents\\GitHub\\GAM_Med\\dataconnect`\n"}}
[debug] [2026-06-13T10:06:59.804Z] E0613 11:06:59.804784    2616 watch.go:40] Failed to load config from "c:\\Users\\DELL\\Documents\\GitHub\\GAM_Med\\dataconnect": could not find dataconnect.yaml in `c:\Users\DELL\Documents\GitHub\GAM_Med\dataconnect`
 {"metadata":{"emulator":{"name":"dataconnect"},"message":"E0613 11:06:59.804784    2616 watch.go:40] Failed to load config from \"c:\\\\Users\\\\DELL\\\\Documents\\\\GitHub\\\\GAM_Med\\\\dataconnect\": could not find dataconnect.yaml in `c:\\Users\\DELL\\Documents\\GitHub\\GAM_Med\\dataconnect`\n"}}
[debug] [2026-06-13T10:07:09.804Z] E0613 11:07:09.804187    2616 watch.go:40] Failed to load config from "c:\\Users\\DELL\\Documents\\GitHub\\GAM_Med\\dataconnect": could not find dataconnect.yaml in `c:\Users\DELL\Documents\GitHub\GAM_Med\dataconnect`
 {"metadata":{"emulator":{"name":"dataconnect"},"message":"E0613 11:07:09.804187    2616 watch.go:40] Failed to load config from \"c:\\\\Users\\\\DELL\\\\Documents\\\\GitHub\\\\GAM_Med\\\\dataconnect\": could not find dataconnect.yaml in `c:\\Users\\DELL\\Documents\\GitHub\\GAM_Med\\dataconnect`\n"}}
[debug] [2026-06-13T10:07:19.804Z] E0613 11:07:19.803991    2616 watch.go:40] Failed to load config from "c:\\Users\\DELL\\Documents\\GitHub\\GAM_Med\\dataconnect": could not find dataconnect.yaml in `c:\Users\DELL\Documents\GitHub\GAM_Med\dataconnect`
 {"metadata":{"emulator":{"name":"dataconnect"},"message":"E0613 11:07:19.803991    2616 watch.go:40] Failed to load config from \"c:\\\\Users\\\\DELL\\\\Documents\\\\GitHub\\\\GAM_Med\\\\dataconnect\": could not find dataconnect.yaml in `c:\\Users\\DELL\\Documents\\GitHub\\GAM_Med\\dataconnect`\n"}}
[debug] [2026-06-13T10:07:29.806Z] E0613 11:07:29.805958    2616 watch.go:40] Failed to load config from "c:\\Users\\DELL\\Documents\\GitHub\\GAM_Med\\dataconnect": could not find dataconnect.yaml in `c:\Users\DELL\Documents\GitHub\GAM_Med\dataconnect`
 {"metadata":{"emulator":{"name":"dataconnect"},"message":"E0613 11:07:29.805958    2616 watch.go:40] Failed to load config from \"c:\\\\Users\\\\DELL\\\\Documents\\\\GitHub\\\\GAM_Med\\\\dataconnect\": could not find dataconnect.yaml in `c:\\Users\\DELL\\Documents\\GitHub\\GAM_Med\\dataconnect`\n"}}
[debug] [2026-06-13T10:07:39.804Z] E0613 11:07:39.804485    2616 watch.go:40] Failed to load config from "c:\\Users\\DELL\\Documents\\GitHub\\GAM_Med\\dataconnect": could not find dataconnect.yaml in `c:\Users\DELL\Documents\GitHub\GAM_Med\dataconnect`
 {"metadata":{"emulator":{"name":"dataconnect"},"message":"E0613 11:07:39.804485    2616 watch.go:40] Failed to load config from \"c:\\\\Users\\\\DELL\\\\Documents\\\\GitHub\\\\GAM_Med\\\\dataconnect\": could not find dataconnect.yaml in `c:\\Users\\DELL\\Documents\\GitHub\\GAM_Med\\dataconnect`\n"}}
[debug] [2026-06-13T10:07:49.804Z] E0613 11:07:49.804120    2616 watch.go:116] watchAllDir unable to walk dir `c:\Users\DELL\Documents\GitHub\GAM_Med\dataconnect`: GetFileAttributesEx c:\Users\DELL\Documents\GitHub\GAM_Med\dataconnect: The system cannot find the file specified.
 {"metadata":{"emulator":{"name":"dataconnect"},"message":"E0613 11:07:49.804120    2616 watch.go:116] watchAllDir unable to walk dir `c:\\Users\\DELL\\Documents\\GitHub\\GAM_Med\\dataconnect`: GetFileAttributesEx c:\\Users\\DELL\\Documents\\GitHub\\GAM_Med\\dataconnect: The system cannot find the file specified.\n"}}
[debug] [2026-06-13T10:07:49.804Z] E0613 11:07:49.804310    2616 watch.go:40] Failed to load config from "c:\\Users\\DELL\\Documents\\GitHub\\GAM_Med\\dataconnect": could not find dataconnect.yaml in `c:\Users\DELL\Documents\GitHub\GAM_Med\dataconnect`
 {"metadata":{"emulator":{"name":"dataconnect"},"message":"E0613 11:07:49.804310    2616 watch.go:40] Failed to load config from \"c:\\\\Users\\\\DELL\\\\Documents\\\\GitHub\\\\GAM_Med\\\\dataconnect\": could not find dataconnect.yaml in `c:\\Users\\DELL\\Documents\\GitHub\\GAM_Med\\dataconnect`\n"}}
[debug] [2026-06-13T10:07:59.804Z] E0613 11:07:59.804350    2616 watch.go:40] Failed to load config from "c:\\Users\\DELL\\Documents\\GitHub\\GAM_Med\\dataconnect": could not find dataconnect.yaml in `c:\Users\DELL\Documents\GitHub\GAM_Med\dataconnect`
 {"metadata":{"emulator":{"name":"dataconnect"},"message":"E0613 11:07:59.804350    2616 watch.go:40] Failed to load config from \"c:\\\\Users\\\\DELL\\\\Documents\\\\GitHub\\\\GAM_Med\\\\dataconnect\": could not find dataconnect.yaml in `c:\\Users\\DELL\\Documents\\GitHub\\GAM_Med\\dataconnect`\n"}}
[debug] [2026-06-13T10:08:09.805Z] E0613 11:08:09.804613    2616 watch.go:40] Failed to load config from "c:\\Users\\DELL\\Documents\\GitHub\\GAM_Med\\dataconnect": could not find dataconnect.yaml in `c:\Users\DELL\Documents\GitHub\GAM_Med\dataconnect`
 {"metadata":{"emulator":{"name":"dataconnect"},"message":"E0613 11:08:09.804613    2616 watch.go:40] Failed to load config from \"c:\\\\Users\\\\DELL\\\\Documents\\\\GitHub\\\\GAM_Med\\\\dataconnect\": could not find dataconnect.yaml in `c:\\Users\\DELL\\Documents\\GitHub\\GAM_Med\\dataconnect`\n"}}
[debug] [2026-06-13T10:08:19.805Z] E0613 11:08:19.804501    2616 watch.go:40] Failed to load config from "c:\\Users\\DELL\\Documents\\GitHub\\GAM_Med\\dataconnect": could not find dataconnect.yaml in `c:\Users\DELL\Documents\GitHub\GAM_Med\dataconnect`
 {"metadata":{"emulator":{"name":"dataconnect"},"message":"E0613 11:08:19.804501    2616 watch.go:40] Failed to load config from \"c:\\\\Users\\\\DELL\\\\Documents\\\\GitHub\\\\GAM_Med\\\\dataconnect\": could not find dataconnect.yaml in `c:\\Users\\DELL\\Documents\\GitHub\\GAM_Med\\dataconnect`\n"}}
[debug] [2026-06-13T10:08:29.805Z] E0613 11:08:29.804883    2616 watch.go:40] Failed to load config from "c:\\Users\\DELL\\Documents\\GitHub\\GAM_Med\\dataconnect": could not find dataconnect.yaml in `c:\Users\DELL\Documents\GitHub\GAM_Med\dataconnect`
 {"metadata":{"emulator":{"name":"dataconnect"},"message":"E0613 11:08:29.804883    2616 watch.go:40] Failed to load config from \"c:\\\\Users\\\\DELL\\\\Documents\\\\GitHub\\\\GAM_Med\\\\dataconnect\": could not find dataconnect.yaml in `c:\\Users\\DELL\\Documents\\GitHub\\GAM_Med\\dataconnect`\n"}}
[debug] [2026-06-13T10:08:39.814Z] E0613 11:08:39.805225    2616 watch.go:40] Failed to load config from "c:\\Users\\DELL\\Documents\\GitHub\\GAM_Med\\dataconnect": could not find dataconnect.yaml in `c:\Users\DELL\Documents\GitHub\GAM_Med\dataconnect`
 {"metadata":{"emulator":{"name":"dataconnect"},"message":"E0613 11:08:39.805225    2616 watch.go:40] Failed to load config from \"c:\\\\Users\\\\DELL\\\\Documents\\\\GitHub\\\\GAM_Med\\\\dataconnect\": could not find dataconnect.yaml in `c:\\Users\\DELL\\Documents\\GitHub\\GAM_Med\\dataconnect`\n"}}
[debug] [2026-06-13T10:08:49.804Z] E0613 11:08:49.804342    2616 watch.go:116] watchAllDir unable to walk dir `c:\Users\DELL\Documents\GitHub\GAM_Med\dataconnect`: GetFileAttributesEx c:\Users\DELL\Documents\GitHub\GAM_Med\dataconnect: The system cannot find the file specified.
 {"metadata":{"emulator":{"name":"dataconnect"},"message":"E0613 11:08:49.804342    2616 watch.go:116] watchAllDir unable to walk dir `c:\\Users\\DELL\\Documents\\GitHub\\GAM_Med\\dataconnect`: GetFileAttributesEx c:\\Users\\DELL\\Documents\\GitHub\\GAM_Med\\dataconnect: The system cannot find the file specified.\n"}}
[debug] [2026-06-13T10:08:49.806Z] E0613 11:08:49.804905    2616 watch.go:40] Failed to load config from "c:\\Users\\DELL\\Documents\\GitHub\\GAM_Med\\dataconnect": could not find dataconnect.yaml in `c:\Users\DELL\Documents\GitHub\GAM_Med\dataconnect`
 {"metadata":{"emulator":{"name":"dataconnect"},"message":"E0613 11:08:49.804905    2616 watch.go:40] Failed to load config from \"c:\\\\Users\\\\DELL\\\\Documents\\\\GitHub\\\\GAM_Med\\\\dataconnect\": could not find dataconnect.yaml in `c:\\Users\\DELL\\Documents\\GitHub\\GAM_Med\\dataconnect`\n"}}
[debug] [2026-06-13T10:08:59.804Z] E0613 11:08:59.804213    2616 watch.go:40] Failed to load config from "c:\\Users\\DELL\\Documents\\GitHub\\GAM_Med\\dataconnect": could not find dataconnect.yaml in `c:\Users\DELL\Documents\GitHub\GAM_Med\dataconnect`
 {"metadata":{"emulator":{"name":"dataconnect"},"message":"E0613 11:08:59.804213    2616 watch.go:40] Failed to load config from \"c:\\\\Users\\\\DELL\\\\Documents\\\\GitHub\\\\GAM_Med\\\\dataconnect\": could not find dataconnect.yaml in `c:\\Users\\DELL\\Documents\\GitHub\\GAM_Med\\dataconnect`\n"}}
[debug] [2026-06-13T10:09:09.804Z] E0613 11:09:09.804470    2616 watch.go:40] Failed to load config from "c:\\Users\\DELL\\Documents\\GitHub\\GAM_Med\\dataconnect": could not find dataconnect.yaml in `c:\Users\DELL\Documents\GitHub\GAM_Med\dataconnect`
 {"metadata":{"emulator":{"name":"dataconnect"},"message":"E0613 11:09:09.804470    2616 watch.go:40] Failed to load config from \"c:\\\\Users\\\\DELL\\\\Documents\\\\GitHub\\\\GAM_Med\\\\dataconnect\": could not find dataconnect.yaml in `c:\\Users\\DELL\\Documents\\GitHub\\GAM_Med\\dataconnect`\n"}}
[debug] [2026-06-13T10:09:19.805Z] E0613 11:09:19.805110    2616 watch.go:40] Failed to load config from "c:\\Users\\DELL\\Documents\\GitHub\\GAM_Med\\dataconnect": could not find dataconnect.yaml in `c:\Users\DELL\Documents\GitHub\GAM_Med\dataconnect`
 {"metadata":{"emulator":{"name":"dataconnect"},"message":"E0613 11:09:19.805110    2616 watch.go:40] Failed to load config from \"c:\\\\Users\\\\DELL\\\\Documents\\\\GitHub\\\\GAM_Med\\\\dataconnect\": could not find dataconnect.yaml in `c:\\Users\\DELL\\Documents\\GitHub\\GAM_Med\\dataconnect`\n"}}
[debug] [2026-06-13T10:09:29.882Z] E0613 11:09:29.878146    2616 watch.go:40] Failed to load config from "c:\\Users\\DELL\\Documents\\GitHub\\GAM_Med\\dataconnect": could not find dataconnect.yaml in `c:\Users\DELL\Documents\GitHub\GAM_Med\dataconnect`
 {"metadata":{"emulator":{"name":"dataconnect"},"message":"E0613 11:09:29.878146    2616 watch.go:40] Failed to load config from \"c:\\\\Users\\\\DELL\\\\Documents\\\\GitHub\\\\GAM_Med\\\\dataconnect\": could not find dataconnect.yaml in `c:\\Users\\DELL\\Documents\\GitHub\\GAM_Med\\dataconnect`\n"}}
[debug] [2026-06-13T10:09:39.819Z] E0613 11:09:39.814133    2616 watch.go:40] Failed to load config from "c:\\Users\\DELL\\Documents\\GitHub\\GAM_Med\\dataconnect": could not find dataconnect.yaml in `c:\Users\DELL\Documents\GitHub\GAM_Med\dataconnect`
 {"metadata":{"emulator":{"name":"dataconnect"},"message":"E0613 11:09:39.814133    2616 watch.go:40] Failed to load config from \"c:\\\\Users\\\\DELL\\\\Documents\\\\GitHub\\\\GAM_Med\\\\dataconnect\": could not find dataconnect.yaml in `c:\\Users\\DELL\\Documents\\GitHub\\GAM_Med\\dataconnect`\n"}}
[debug] [2026-06-13T10:09:49.804Z] E0613 11:09:49.804523    2616 watch.go:116] watchAllDir unable to walk dir `c:\Users\DELL\Documents\GitHub\GAM_Med\dataconnect`: GetFileAttributesEx c:\Users\DELL\Documents\GitHub\GAM_Med\dataconnect: The system cannot find the file specified.
 {"metadata":{"emulator":{"name":"dataconnect"},"message":"E0613 11:09:49.804523    2616 watch.go:116] watchAllDir unable to walk dir `c:\\Users\\DELL\\Documents\\GitHub\\GAM_Med\\dataconnect`: GetFileAttributesEx c:\\Users\\DELL\\Documents\\GitHub\\GAM_Med\\dataconnect: The system cannot find the file specified.\n"}}
[debug] [2026-06-13T10:09:49.806Z] E0613 11:09:49.805029    2616 watch.go:40] Failed to load config from "c:\\Users\\DELL\\Documents\\GitHub\\GAM_Med\\dataconnect": could not find dataconnect.yaml in `c:\Users\DELL\Documents\GitHub\GAM_Med\dataconnect`
 {"metadata":{"emulator":{"name":"dataconnect"},"message":"E0613 11:09:49.805029    2616 watch.go:40] Failed to load config from \"c:\\\\Users\\\\DELL\\\\Documents\\\\GitHub\\\\GAM_Med\\\\dataconnect\": could not find dataconnect.yaml in `c:\\Users\\DELL\\Documents\\GitHub\\GAM_Med\\dataconnect`\n"}}
[debug] [2026-06-13T10:09:59.812Z] E0613 11:09:59.811671    2616 watch.go:40] Failed to load config from "c:\\Users\\DELL\\Documents\\GitHub\\GAM_Med\\dataconnect": could not find dataconnect.yaml in `c:\Users\DELL\Documents\GitHub\GAM_Med\dataconnect`
 {"metadata":{"emulator":{"name":"dataconnect"},"message":"E0613 11:09:59.811671    2616 watch.go:40] Failed to load config from \"c:\\\\Users\\\\DELL\\\\Documents\\\\GitHub\\\\GAM_Med\\\\dataconnect\": could not find dataconnect.yaml in `c:\\Users\\DELL\\Documents\\GitHub\\GAM_Med\\dataconnect`\n"}}
[debug] [2026-06-13T10:10:10.104Z] E0613 11:10:09.809885    2616 watch.go:40] Failed to load config from "c:\\Users\\DELL\\Documents\\GitHub\\GAM_Med\\dataconnect": could not find dataconnect.yaml in `c:\Users\DELL\Documents\GitHub\GAM_Med\dataconnect`
 {"metadata":{"emulator":{"name":"dataconnect"},"message":"E0613 11:10:09.809885    2616 watch.go:40] Failed to load config from \"c:\\\\Users\\\\DELL\\\\Documents\\\\GitHub\\\\GAM_Med\\\\dataconnect\": could not find dataconnect.yaml in `c:\\Users\\DELL\\Documents\\GitHub\\GAM_Med\\dataconnect`\n"}}
[debug] [2026-06-13T10:10:19.810Z] E0613 11:10:19.809859    2616 watch.go:40] Failed to load config from "c:\\Users\\DELL\\Documents\\GitHub\\GAM_Med\\dataconnect": could not find dataconnect.yaml in `c:\Users\DELL\Documents\GitHub\GAM_Med\dataconnect`
 {"metadata":{"emulator":{"name":"dataconnect"},"message":"E0613 11:10:19.809859    2616 watch.go:40] Failed to load config from \"c:\\\\Users\\\\DELL\\\\Documents\\\\GitHub\\\\GAM_Med\\\\dataconnect\": could not find dataconnect.yaml in `c:\\Users\\DELL\\Documents\\GitHub\\GAM_Med\\dataconnect`\n"}}
[debug] [2026-06-13T10:10:29.808Z] E0613 11:10:29.803984    2616 watch.go:40] Failed to load config from "c:\\Users\\DELL\\Documents\\GitHub\\GAM_Med\\dataconnect": could not find dataconnect.yaml in `c:\Users\DELL\Documents\GitHub\GAM_Med\dataconnect`
 {"metadata":{"emulator":{"name":"dataconnect"},"message":"E0613 11:10:29.803984    2616 watch.go:40] Failed to load config from \"c:\\\\Users\\\\DELL\\\\Documents\\\\GitHub\\\\GAM_Med\\\\dataconnect\": could not find dataconnect.yaml in `c:\\Users\\DELL\\Documents\\GitHub\\GAM_Med\\dataconnect`\n"}}
[debug] [2026-06-13T10:10:39.814Z] E0613 11:10:39.812202    2616 watch.go:40] Failed to load config from "c:\\Users\\DELL\\Documents\\GitHub\\GAM_Med\\dataconnect": could not find dataconnect.yaml in `c:\Users\DELL\Documents\GitHub\GAM_Med\dataconnect`
 {"metadata":{"emulator":{"name":"dataconnect"},"message":"E0613 11:10:39.812202    2616 watch.go:40] Failed to load config from \"c:\\\\Users\\\\DELL\\\\Documents\\\\GitHub\\\\GAM_Med\\\\dataconnect\": could not find dataconnect.yaml in `c:\\Users\\DELL\\Documents\\GitHub\\GAM_Med\\dataconnect`\n"}}
[debug] [2026-06-13T10:10:49.804Z] E0613 11:10:49.803891    2616 watch.go:40] Failed to load config from "c:\\Users\\DELL\\Documents\\GitHub\\GAM_Med\\dataconnect": could not find dataconnect.yaml in `c:\Users\DELL\Documents\GitHub\GAM_Med\dataconnect`
 {"metadata":{"emulator":{"name":"dataconnect"},"message":"E0613 11:10:49.803891    2616 watch.go:40] Failed to load config from \"c:\\\\Users\\\\DELL\\\\Documents\\\\GitHub\\\\GAM_Med\\\\dataconnect\": could not find dataconnect.yaml in `c:\\Users\\DELL\\Documents\\GitHub\\GAM_Med\\dataconnect`\n"}}
[debug] [2026-06-13T10:10:49.805Z] E0613 11:10:49.805146    2616 watch.go:116] watchAllDir unable to walk dir `c:\Users\DELL\Documents\GitHub\GAM_Med\dataconnect`: GetFileAttributesEx c:\Users\DELL\Documents\GitHub\GAM_Med\dataconnect: The system cannot find the file specified.
 {"metadata":{"emulator":{"name":"dataconnect"},"message":"E0613 11:10:49.805146    2616 watch.go:116] watchAllDir unable to walk dir `c:\\Users\\DELL\\Documents\\GitHub\\GAM_Med\\dataconnect`: GetFileAttributesEx c:\\Users\\DELL\\Documents\\GitHub\\GAM_Med\\dataconnect: The system cannot find the file specified.\n"}}
[debug] [2026-06-13T10:10:59.816Z] E0613 11:10:59.816268    2616 watch.go:40] Failed to load config from "c:\\Users\\DELL\\Documents\\GitHub\\GAM_Med\\dataconnect": could not find dataconnect.yaml in `c:\Users\DELL\Documents\GitHub\GAM_Med\dataconnect`
 {"metadata":{"emulator":{"name":"dataconnect"},"message":"E0613 11:10:59.816268    2616 watch.go:40] Failed to load config from \"c:\\\\Users\\\\DELL\\\\Documents\\\\GitHub\\\\GAM_Med\\\\dataconnect\": could not find dataconnect.yaml in `c:\\Users\\DELL\\Documents\\GitHub\\GAM_Med\\dataconnect`\n"}}
[debug] [2026-06-13T10:11:09.805Z] E0613 11:11:09.804910    2616 watch.go:40] Failed to load config from "c:\\Users\\DELL\\Documents\\GitHub\\GAM_Med\\dataconnect": could not find dataconnect.yaml in `c:\Users\DELL\Documents\GitHub\GAM_Med\dataconnect`
 {"metadata":{"emulator":{"name":"dataconnect"},"message":"E0613 11:11:09.804910    2616 watch.go:40] Failed to load config from \"c:\\\\Users\\\\DELL\\\\Documents\\\\GitHub\\\\GAM_Med\\\\dataconnect\": could not find dataconnect.yaml in `c:\\Users\\DELL\\Documents\\GitHub\\GAM_Med\\dataconnect`\n"}}
[debug] [2026-06-13T10:11:19.804Z] E0613 11:11:19.804172    2616 watch.go:40] Failed to load config from "c:\\Users\\DELL\\Documents\\GitHub\\GAM_Med\\dataconnect": could not find dataconnect.yaml in `c:\Users\DELL\Documents\GitHub\GAM_Med\dataconnect`
 {"metadata":{"emulator":{"name":"dataconnect"},"message":"E0613 11:11:19.804172    2616 watch.go:40] Failed to load config from \"c:\\\\Users\\\\DELL\\\\Documents\\\\GitHub\\\\GAM_Med\\\\dataconnect\": could not find dataconnect.yaml in `c:\\Users\\DELL\\Documents\\GitHub\\GAM_Med\\dataconnect`\n"}}
[debug] [2026-06-13T10:11:29.804Z] E0613 11:11:29.804171    2616 watch.go:40] Failed to load config from "c:\\Users\\DELL\\Documents\\GitHub\\GAM_Med\\dataconnect": could not find dataconnect.yaml in `c:\Users\DELL\Documents\GitHub\GAM_Med\dataconnect`
 {"metadata":{"emulator":{"name":"dataconnect"},"message":"E0613 11:11:29.804171    2616 watch.go:40] Failed to load config from \"c:\\\\Users\\\\DELL\\\\Documents\\\\GitHub\\\\GAM_Med\\\\dataconnect\": could not find dataconnect.yaml in `c:\\Users\\DELL\\Documents\\GitHub\\GAM_Med\\dataconnect`\n"}}
[debug] [2026-06-13T10:11:39.808Z] E0613 11:11:39.804236    2616 watch.go:40] Failed to load config from "c:\\Users\\DELL\\Documents\\GitHub\\GAM_Med\\dataconnect": could not find dataconnect.yaml in `c:\Users\DELL\Documents\GitHub\GAM_Med\dataconnect`
 {"metadata":{"emulator":{"name":"dataconnect"},"message":"E0613 11:11:39.804236    2616 watch.go:40] Failed to load config from \"c:\\\\Users\\\\DELL\\\\Documents\\\\GitHub\\\\GAM_Med\\\\dataconnect\": could not find dataconnect.yaml in `c:\\Users\\DELL\\Documents\\GitHub\\GAM_Med\\dataconnect`\n"}}
[debug] [2026-06-13T10:11:49.807Z] E0613 11:11:49.804702    2616 watch.go:116] watchAllDir unable to walk dir `c:\Users\DELL\Documents\GitHub\GAM_Med\dataconnect`: GetFileAttributesEx c:\Users\DELL\Documents\GitHub\GAM_Med\dataconnect: The system cannot find the file specified.
 {"metadata":{"emulator":{"name":"dataconnect"},"message":"E0613 11:11:49.804702    2616 watch.go:116] watchAllDir unable to walk dir `c:\\Users\\DELL\\Documents\\GitHub\\GAM_Med\\dataconnect`: GetFileAttributesEx c:\\Users\\DELL\\Documents\\GitHub\\GAM_Med\\dataconnect: The system cannot find the file specified.\n"}}
[debug] [2026-06-13T10:11:49.809Z] E0613 11:11:49.809128    2616 watch.go:40] Failed to load config from "c:\\Users\\DELL\\Documents\\GitHub\\GAM_Med\\dataconnect": could not find dataconnect.yaml in `c:\Users\DELL\Documents\GitHub\GAM_Med\dataconnect`
 {"metadata":{"emulator":{"name":"dataconnect"},"message":"E0613 11:11:49.809128    2616 watch.go:40] Failed to load config from \"c:\\\\Users\\\\DELL\\\\Documents\\\\GitHub\\\\GAM_Med\\\\dataconnect\": could not find dataconnect.yaml in `c:\\Users\\DELL\\Documents\\GitHub\\GAM_Med\\dataconnect`\n"}}
[debug] [2026-06-13T10:11:59.805Z] E0613 11:11:59.804842    2616 watch.go:40] Failed to load config from "c:\\Users\\DELL\\Documents\\GitHub\\GAM_Med\\dataconnect": could not find dataconnect.yaml in `c:\Users\DELL\Documents\GitHub\GAM_Med\dataconnect`
 {"metadata":{"emulator":{"name":"dataconnect"},"message":"E0613 11:11:59.804842    2616 watch.go:40] Failed to load config from \"c:\\\\Users\\\\DELL\\\\Documents\\\\GitHub\\\\GAM_Med\\\\dataconnect\": could not find dataconnect.yaml in `c:\\Users\\DELL\\Documents\\GitHub\\GAM_Med\\dataconnect`\n"}}
[debug] [2026-06-13T10:12:09.883Z] E0613 11:12:09.879052    2616 watch.go:40] Failed to load config from "c:\\Users\\DELL\\Documents\\GitHub\\GAM_Med\\dataconnect": could not find dataconnect.yaml in `c:\Users\DELL\Documents\GitHub\GAM_Med\dataconnect`
 {"metadata":{"emulator":{"name":"dataconnect"},"message":"E0613 11:12:09.879052    2616 watch.go:40] Failed to load config from \"c:\\\\Users\\\\DELL\\\\Documents\\\\GitHub\\\\GAM_Med\\\\dataconnect\": could not find dataconnect.yaml in `c:\\Users\\DELL\\Documents\\GitHub\\GAM_Med\\dataconnect`\n"}}
[debug] [2026-06-13T10:12:19.936Z] E0613 11:12:19.916084    2616 watch.go:40] Failed to load config from "c:\\Users\\DELL\\Documents\\GitHub\\GAM_Med\\dataconnect": could not find dataconnect.yaml in `c:\Users\DELL\Documents\GitHub\GAM_Med\dataconnect`
 {"metadata":{"emulator":{"name":"dataconnect"},"message":"E0613 11:12:19.916084    2616 watch.go:40] Failed to load config from \"c:\\\\Users\\\\DELL\\\\Documents\\\\GitHub\\\\GAM_Med\\\\dataconnect\": could not find dataconnect.yaml in `c:\\Users\\DELL\\Documents\\GitHub\\GAM_Med\\dataconnect`\n"}}
[debug] [2026-06-13T10:12:29.813Z] E0613 11:12:29.811543    2616 watch.go:40] Failed to load config from "c:\\Users\\DELL\\Documents\\GitHub\\GAM_Med\\dataconnect": could not find dataconnect.yaml in `c:\Users\DELL\Documents\GitHub\GAM_Med\dataconnect`
 {"metadata":{"emulator":{"name":"dataconnect"},"message":"E0613 11:12:29.811543    2616 watch.go:40] Failed to load config from \"c:\\\\Users\\\\DELL\\\\Documents\\\\GitHub\\\\GAM_Med\\\\dataconnect\": could not find dataconnect.yaml in `c:\\Users\\DELL\\Documents\\GitHub\\GAM_Med\\dataconnect`\n"}}
[debug] [2026-06-13T10:12:39.807Z] E0613 11:12:39.806602    2616 watch.go:40] Failed to load config from "c:\\Users\\DELL\\Documents\\GitHub\\GAM_Med\\dataconnect": could not find dataconnect.yaml in `c:\Users\DELL\Documents\GitHub\GAM_Med\dataconnect`
 {"metadata":{"emulator":{"name":"dataconnect"},"message":"E0613 11:12:39.806602    2616 watch.go:40] Failed to load config from \"c:\\\\Users\\\\DELL\\\\Documents\\\\GitHub\\\\GAM_Med\\\\dataconnect\": could not find dataconnect.yaml in `c:\\Users\\DELL\\Documents\\GitHub\\GAM_Med\\dataconnect`\n"}}
[debug] [2026-06-13T10:12:49.840Z] E0613 11:12:49.840303    2616 watch.go:116] watchAllDir unable to walk dir `c:\Users\DELL\Documents\GitHub\GAM_Med\dataconnect`: GetFileAttributesEx c:\Users\DELL\Documents\GitHub\GAM_Med\dataconnect: The system cannot find the file specified.
 {"metadata":{"emulator":{"name":"dataconnect"},"message":"E0613 11:12:49.840303    2616 watch.go:116] watchAllDir unable to walk dir `c:\\Users\\DELL\\Documents\\GitHub\\GAM_Med\\dataconnect`: GetFileAttributesEx c:\\Users\\DELL\\Documents\\GitHub\\GAM_Med\\dataconnect: The system cannot find the file specified.\n"}}
[debug] [2026-06-13T10:12:49.851Z] E0613 11:12:49.849311    2616 watch.go:40] Failed to load config from "c:\\Users\\DELL\\Documents\\GitHub\\GAM_Med\\dataconnect": could not find dataconnect.yaml in `c:\Users\DELL\Documents\GitHub\GAM_Med\dataconnect`
 {"metadata":{"emulator":{"name":"dataconnect"},"message":"E0613 11:12:49.849311    2616 watch.go:40] Failed to load config from \"c:\\\\Users\\\\DELL\\\\Documents\\\\GitHub\\\\GAM_Med\\\\dataconnect\": could not find dataconnect.yaml in `c:\\Users\\DELL\\Documents\\GitHub\\GAM_Med\\dataconnect`\n"}}
[debug] [2026-06-13T10:13:00.061Z] E0613 11:13:00.041280    2616 watch.go:40] Failed to load config from "c:\\Users\\DELL\\Documents\\GitHub\\GAM_Med\\dataconnect": could not find dataconnect.yaml in `c:\Users\DELL\Documents\GitHub\GAM_Med\dataconnect`
 {"metadata":{"emulator":{"name":"dataconnect"},"message":"E0613 11:13:00.041280    2616 watch.go:40] Failed to load config from \"c:\\\\Users\\\\DELL\\\\Documents\\\\GitHub\\\\GAM_Med\\\\dataconnect\": could not find dataconnect.yaml in `c:\\Users\\DELL\\Documents\\GitHub\\GAM_Med\\dataconnect`\n"}}
[debug] [2026-06-13T10:13:09.808Z] E0613 11:13:09.811324    2616 watch.go:40] Failed to load config from "c:\\Users\\DELL\\Documents\\GitHub\\GAM_Med\\dataconnect": could not find dataconnect.yaml in `c:\Users\DELL\Documents\GitHub\GAM_Med\dataconnect`
 {"metadata":{"emulator":{"name":"dataconnect"},"message":"E0613 11:13:09.811324    2616 watch.go:40] Failed to load config from \"c:\\\\Users\\\\DELL\\\\Documents\\\\GitHub\\\\GAM_Med\\\\dataconnect\": could not find dataconnect.yaml in `c:\\Users\\DELL\\Documents\\GitHub\\GAM_Med\\dataconnect`\n"}}
[debug] [2026-06-13T10:13:19.800Z] E0613 11:13:19.804213    2616 watch.go:40] Failed to load config from "c:\\Users\\DELL\\Documents\\GitHub\\GAM_Med\\dataconnect": could not find dataconnect.yaml in `c:\Users\DELL\Documents\GitHub\GAM_Med\dataconnect`
 {"metadata":{"emulator":{"name":"dataconnect"},"message":"E0613 11:13:19.804213    2616 watch.go:40] Failed to load config from \"c:\\\\Users\\\\DELL\\\\Documents\\\\GitHub\\\\GAM_Med\\\\dataconnect\": could not find dataconnect.yaml in `c:\\Users\\DELL\\Documents\\GitHub\\GAM_Med\\dataconnect`\n"}}
[debug] [2026-06-13T10:13:29.817Z] E0613 11:13:29.804246    2616 watch.go:40] Failed to load config from "c:\\Users\\DELL\\Documents\\GitHub\\GAM_Med\\dataconnect": could not find dataconnect.yaml in `c:\Users\DELL\Documents\GitHub\GAM_Med\dataconnect`
 {"metadata":{"emulator":{"name":"dataconnect"},"message":"E0613 11:13:29.804246    2616 watch.go:40] Failed to load config from \"c:\\\\Users\\\\DELL\\\\Documents\\\\GitHub\\\\GAM_Med\\\\dataconnect\": could not find dataconnect.yaml in `c:\\Users\\DELL\\Documents\\GitHub\\GAM_Med\\dataconnect`\n"}}
[debug] [2026-06-13T10:13:39.802Z] E0613 11:13:39.806019    2616 watch.go:40] Failed to load config from "c:\\Users\\DELL\\Documents\\GitHub\\GAM_Med\\dataconnect": could not find dataconnect.yaml in `c:\Users\DELL\Documents\GitHub\GAM_Med\dataconnect`
 {"metadata":{"emulator":{"name":"dataconnect"},"message":"E0613 11:13:39.806019    2616 watch.go:40] Failed to load config from \"c:\\\\Users\\\\DELL\\\\Documents\\\\GitHub\\\\GAM_Med\\\\dataconnect\": could not find dataconnect.yaml in `c:\\Users\\DELL\\Documents\\GitHub\\GAM_Med\\dataconnect`\n"}}
[debug] [2026-06-13T10:13:49.809Z] E0613 11:13:49.804303    2616 watch.go:116] watchAllDir unable to walk dir `c:\Users\DELL\Documents\GitHub\GAM_Med\dataconnect`: GetFileAttributesEx c:\Users\DELL\Documents\GitHub\GAM_Med\dataconnect: The system cannot find the file specified.
E0613 11:13:49.804303    2616 watch.go:40] Failed to load config from "c:\\Users\\DELL\\Documents\\GitHub\\GAM_Med\\dataconnect": could not find dataconnect.yaml in `c:\Users\DELL\Documents\GitHub\GAM_Med\dataconnect`
 {"metadata":{"emulator":{"name":"dataconnect"},"message":"E0613 11:13:49.804303    2616 watch.go:116] watchAllDir unable to walk dir `c:\\Users\\DELL\\Documents\\GitHub\\GAM_Med\\dataconnect`: GetFileAttributesEx c:\\Users\\DELL\\Documents\\GitHub\\GAM_Med\\dataconnect: The system cannot find the file specified.\nE0613 11:13:49.804303    2616 watch.go:40] Failed to load config from \"c:\\\\Users\\\\DELL\\\\Documents\\\\GitHub\\\\GAM_Med\\\\dataconnect\": could not find dataconnect.yaml in `c:\\Users\\DELL\\Documents\\GitHub\\GAM_Med\\dataconnect`\n"}}
[debug] [2026-06-13T10:13:59.806Z] E0613 11:13:59.804537    2616 watch.go:40] Failed to load config from "c:\\Users\\DELL\\Documents\\GitHub\\GAM_Med\\dataconnect": could not find dataconnect.yaml in `c:\Users\DELL\Documents\GitHub\GAM_Med\dataconnect`
 {"metadata":{"emulator":{"name":"dataconnect"},"message":"E0613 11:13:59.804537    2616 watch.go:40] Failed to load config from \"c:\\\\Users\\\\DELL\\\\Documents\\\\GitHub\\\\GAM_Med\\\\dataconnect\": could not find dataconnect.yaml in `c:\\Users\\DELL\\Documents\\GitHub\\GAM_Med\\dataconnect`\n"}}
[debug] [2026-06-13T10:14:09.804Z] E0613 11:14:09.804212    2616 watch.go:40] Failed to load config from "c:\\Users\\DELL\\Documents\\GitHub\\GAM_Med\\dataconnect": could not find dataconnect.yaml in `c:\Users\DELL\Documents\GitHub\GAM_Med\dataconnect`
 {"metadata":{"emulator":{"name":"dataconnect"},"message":"E0613 11:14:09.804212    2616 watch.go:40] Failed to load config from \"c:\\\\Users\\\\DELL\\\\Documents\\\\GitHub\\\\GAM_Med\\\\dataconnect\": could not find dataconnect.yaml in `c:\\Users\\DELL\\Documents\\GitHub\\GAM_Med\\dataconnect`\n"}}
[debug] [2026-06-13T10:14:19.973Z] E0613 11:14:19.920108    2616 watch.go:40] Failed to load config from "c:\\Users\\DELL\\Documents\\GitHub\\GAM_Med\\dataconnect": could not find dataconnect.yaml in `c:\Users\DELL\Documents\GitHub\GAM_Med\dataconnect`
 {"metadata":{"emulator":{"name":"dataconnect"},"message":"E0613 11:14:19.920108    2616 watch.go:40] Failed to load config from \"c:\\\\Users\\\\DELL\\\\Documents\\\\GitHub\\\\GAM_Med\\\\dataconnect\": could not find dataconnect.yaml in `c:\\Users\\DELL\\Documents\\GitHub\\GAM_Med\\dataconnect`\n"}}
[debug] [2026-06-13T10:14:29.804Z] E0613 11:14:29.804023    2616 watch.go:40] Failed to load config from "c:\\Users\\DELL\\Documents\\GitHub\\GAM_Med\\dataconnect": could not find dataconnect.yaml in `c:\Users\DELL\Documents\GitHub\GAM_Med\dataconnect`
 {"metadata":{"emulator":{"name":"dataconnect"},"message":"E0613 11:14:29.804023    2616 watch.go:40] Failed to load config from \"c:\\\\Users\\\\DELL\\\\Documents\\\\GitHub\\\\GAM_Med\\\\dataconnect\": could not find dataconnect.yaml in `c:\\Users\\DELL\\Documents\\GitHub\\GAM_Med\\dataconnect`\n"}}
[debug] [2026-06-13T10:14:39.804Z] E0613 11:14:39.804705    2616 watch.go:40] Failed to load config from "c:\\Users\\DELL\\Documents\\GitHub\\GAM_Med\\dataconnect": could not find dataconnect.yaml in `c:\Users\DELL\Documents\GitHub\GAM_Med\dataconnect`
 {"metadata":{"emulator":{"name":"dataconnect"},"message":"E0613 11:14:39.804705    2616 watch.go:40] Failed to load config from \"c:\\\\Users\\\\DELL\\\\Documents\\\\GitHub\\\\GAM_Med\\\\dataconnect\": could not find dataconnect.yaml in `c:\\Users\\DELL\\Documents\\GitHub\\GAM_Med\\dataconnect`\n"}}
[debug] [2026-06-13T10:14:49.803Z] E0613 11:14:49.804008    2616 watch.go:116] watchAllDir unable to walk dir `c:\Users\DELL\Documents\GitHub\GAM_Med\dataconnect`: GetFileAttributesEx c:\Users\DELL\Documents\GitHub\GAM_Med\dataconnect: The system cannot find the file specified.
 {"metadata":{"emulator":{"name":"dataconnect"},"message":"E0613 11:14:49.804008    2616 watch.go:116] watchAllDir unable to walk dir `c:\\Users\\DELL\\Documents\\GitHub\\GAM_Med\\dataconnect`: GetFileAttributesEx c:\\Users\\DELL\\Documents\\GitHub\\GAM_Med\\dataconnect: The system cannot find the file specified.\n"}}
[debug] [2026-06-13T10:14:49.805Z] E0613 11:14:49.804008    2616 watch.go:40] Failed to load config from "c:\\Users\\DELL\\Documents\\GitHub\\GAM_Med\\dataconnect": could not find dataconnect.yaml in `c:\Users\DELL\Documents\GitHub\GAM_Med\dataconnect`
 {"metadata":{"emulator":{"name":"dataconnect"},"message":"E0613 11:14:49.804008    2616 watch.go:40] Failed to load config from \"c:\\\\Users\\\\DELL\\\\Documents\\\\GitHub\\\\GAM_Med\\\\dataconnect\": could not find dataconnect.yaml in `c:\\Users\\DELL\\Documents\\GitHub\\GAM_Med\\dataconnect`\n"}}
[debug] [2026-06-13T10:14:59.806Z] E0613 11:14:59.806057    2616 watch.go:40] Failed to load config from "c:\\Users\\DELL\\Documents\\GitHub\\GAM_Med\\dataconnect": could not find dataconnect.yaml in `c:\Users\DELL\Documents\GitHub\GAM_Med\dataconnect`
 {"metadata":{"emulator":{"name":"dataconnect"},"message":"E0613 11:14:59.806057    2616 watch.go:40] Failed to load config from \"c:\\\\Users\\\\DELL\\\\Documents\\\\GitHub\\\\GAM_Med\\\\dataconnect\": could not find dataconnect.yaml in `c:\\Users\\DELL\\Documents\\GitHub\\GAM_Med\\dataconnect`\n"}}
[debug] [2026-06-13T10:15:09.807Z] E0613 11:15:09.806633    2616 watch.go:40] Failed to load config from "c:\\Users\\DELL\\Documents\\GitHub\\GAM_Med\\dataconnect": could not find dataconnect.yaml in `c:\Users\DELL\Documents\GitHub\GAM_Med\dataconnect`
 {"metadata":{"emulator":{"name":"dataconnect"},"message":"E0613 11:15:09.806633    2616 watch.go:40] Failed to load config from \"c:\\\\Users\\\\DELL\\\\Documents\\\\GitHub\\\\GAM_Med\\\\dataconnect\": could not find dataconnect.yaml in `c:\\Users\\DELL\\Documents\\GitHub\\GAM_Med\\dataconnect`\n"}}
[debug] [2026-06-13T10:15:19.805Z] E0613 11:15:19.805030    2616 watch.go:40] Failed to load config from "c:\\Users\\DELL\\Documents\\GitHub\\GAM_Med\\dataconnect": could not find dataconnect.yaml in `c:\Users\DELL\Documents\GitHub\GAM_Med\dataconnect`
 {"metadata":{"emulator":{"name":"dataconnect"},"message":"E0613 11:15:19.805030    2616 watch.go:40] Failed to load config from \"c:\\\\Users\\\\DELL\\\\Documents\\\\GitHub\\\\GAM_Med\\\\dataconnect\": could not find dataconnect.yaml in `c:\\Users\\DELL\\Documents\\GitHub\\GAM_Med\\dataconnect`\n"}}
[debug] [2026-06-13T10:15:29.805Z] E0613 11:15:29.804777    2616 watch.go:40] Failed to load config from "c:\\Users\\DELL\\Documents\\GitHub\\GAM_Med\\dataconnect": could not find dataconnect.yaml in `c:\Users\DELL\Documents\GitHub\GAM_Med\dataconnect`
 {"metadata":{"emulator":{"name":"dataconnect"},"message":"E0613 11:15:29.804777    2616 watch.go:40] Failed to load config from \"c:\\\\Users\\\\DELL\\\\Documents\\\\GitHub\\\\GAM_Med\\\\dataconnect\": could not find dataconnect.yaml in `c:\\Users\\DELL\\Documents\\GitHub\\GAM_Med\\dataconnect`\n"}}
[debug] [2026-06-13T10:15:39.805Z] E0613 11:15:39.805004    2616 watch.go:40] Failed to load config from "c:\\Users\\DELL\\Documents\\GitHub\\GAM_Med\\dataconnect": could not find dataconnect.yaml in `c:\Users\DELL\Documents\GitHub\GAM_Med\dataconnect`
 {"metadata":{"emulator":{"name":"dataconnect"},"message":"E0613 11:15:39.805004    2616 watch.go:40] Failed to load config from \"c:\\\\Users\\\\DELL\\\\Documents\\\\GitHub\\\\GAM_Med\\\\dataconnect\": could not find dataconnect.yaml in `c:\\Users\\DELL\\Documents\\GitHub\\GAM_Med\\dataconnect`\n"}}
[debug] [2026-06-13T10:15:49.806Z] E0613 11:15:49.805500    2616 watch.go:116] watchAllDir unable to walk dir `c:\Users\DELL\Documents\GitHub\GAM_Med\dataconnect`: GetFileAttributesEx c:\Users\DELL\Documents\GitHub\GAM_Med\dataconnect: The system cannot find the file specified.
 {"metadata":{"emulator":{"name":"dataconnect"},"message":"E0613 11:15:49.805500    2616 watch.go:116] watchAllDir unable to walk dir `c:\\Users\\DELL\\Documents\\GitHub\\GAM_Med\\dataconnect`: GetFileAttributesEx c:\\Users\\DELL\\Documents\\GitHub\\GAM_Med\\dataconnect: The system cannot find the file specified.\n"}}
[debug] [2026-06-13T10:15:49.816Z] E0613 11:15:49.816194    2616 watch.go:40] Failed to load config from "c:\\Users\\DELL\\Documents\\GitHub\\GAM_Med\\dataconnect": could not find dataconnect.yaml in `c:\Users\DELL\Documents\GitHub\GAM_Med\dataconnect`
 {"metadata":{"emulator":{"name":"dataconnect"},"message":"E0613 11:15:49.816194    2616 watch.go:40] Failed to load config from \"c:\\\\Users\\\\DELL\\\\Documents\\\\GitHub\\\\GAM_Med\\\\dataconnect\": could not find dataconnect.yaml in `c:\\Users\\DELL\\Documents\\GitHub\\GAM_Med\\dataconnect`\n"}}
[debug] [2026-06-13T10:15:59.850Z] E0613 11:15:59.849068    2616 watch.go:40] Failed to load config from "c:\\Users\\DELL\\Documents\\GitHub\\GAM_Med\\dataconnect": could not find dataconnect.yaml in `c:\Users\DELL\Documents\GitHub\GAM_Med\dataconnect`
 {"metadata":{"emulator":{"name":"dataconnect"},"message":"E0613 11:15:59.849068    2616 watch.go:40] Failed to load config from \"c:\\\\Users\\\\DELL\\\\Documents\\\\GitHub\\\\GAM_Med\\\\dataconnect\": could not find dataconnect.yaml in `c:\\Users\\DELL\\Documents\\GitHub\\GAM_Med\\dataconnect`\n"}}
[debug] [2026-06-13T10:16:09.806Z] E0613 11:16:09.806231    2616 watch.go:40] Failed to load config from "c:\\Users\\DELL\\Documents\\GitHub\\GAM_Med\\dataconnect": could not find dataconnect.yaml in `c:\Users\DELL\Documents\GitHub\GAM_Med\dataconnect`
 {"metadata":{"emulator":{"name":"dataconnect"},"message":"E0613 11:16:09.806231    2616 watch.go:40] Failed to load config from \"c:\\\\Users\\\\DELL\\\\Documents\\\\GitHub\\\\GAM_Med\\\\dataconnect\": could not find dataconnect.yaml in `c:\\Users\\DELL\\Documents\\GitHub\\GAM_Med\\dataconnect`\n"}}
[debug] [2026-06-13T10:16:19.803Z] E0613 11:16:19.804018    2616 watch.go:40] Failed to load config from "c:\\Users\\DELL\\Documents\\GitHub\\GAM_Med\\dataconnect": could not find dataconnect.yaml in `c:\Users\DELL\Documents\GitHub\GAM_Med\dataconnect`
 {"metadata":{"emulator":{"name":"dataconnect"},"message":"E0613 11:16:19.804018    2616 watch.go:40] Failed to load config from \"c:\\\\Users\\\\DELL\\\\Documents\\\\GitHub\\\\GAM_Med\\\\dataconnect\": could not find dataconnect.yaml in `c:\\Users\\DELL\\Documents\\GitHub\\GAM_Med\\dataconnect`\n"}}
[debug] [2026-06-13T10:16:29.804Z] E0613 11:16:29.804295    2616 watch.go:40] Failed to load config from "c:\\Users\\DELL\\Documents\\GitHub\\GAM_Med\\dataconnect": could not find dataconnect.yaml in `c:\Users\DELL\Documents\GitHub\GAM_Med\dataconnect`
 {"metadata":{"emulator":{"name":"dataconnect"},"message":"E0613 11:16:29.804295    2616 watch.go:40] Failed to load config from \"c:\\\\Users\\\\DELL\\\\Documents\\\\GitHub\\\\GAM_Med\\\\dataconnect\": could not find dataconnect.yaml in `c:\\Users\\DELL\\Documents\\GitHub\\GAM_Med\\dataconnect`\n"}}
[debug] [2026-06-13T10:16:39.804Z] E0613 11:16:39.804107    2616 watch.go:40] Failed to load config from "c:\\Users\\DELL\\Documents\\GitHub\\GAM_Med\\dataconnect": could not find dataconnect.yaml in `c:\Users\DELL\Documents\GitHub\GAM_Med\dataconnect`
 {"metadata":{"emulator":{"name":"dataconnect"},"message":"E0613 11:16:39.804107    2616 watch.go:40] Failed to load config from \"c:\\\\Users\\\\DELL\\\\Documents\\\\GitHub\\\\GAM_Med\\\\dataconnect\": could not find dataconnect.yaml in `c:\\Users\\DELL\\Documents\\GitHub\\GAM_Med\\dataconnect`\n"}}
[debug] [2026-06-13T10:16:49.804Z] E0613 11:16:49.804171    2616 watch.go:116] watchAllDir unable to walk dir `c:\Users\DELL\Documents\GitHub\GAM_Med\dataconnect`: GetFileAttributesEx c:\Users\DELL\Documents\GitHub\GAM_Med\dataconnect: The system cannot find the file specified.
 {"metadata":{"emulator":{"name":"dataconnect"},"message":"E0613 11:16:49.804171    2616 watch.go:116] watchAllDir unable to walk dir `c:\\Users\\DELL\\Documents\\GitHub\\GAM_Med\\dataconnect`: GetFileAttributesEx c:\\Users\\DELL\\Documents\\GitHub\\GAM_Med\\dataconnect: The system cannot find the file specified.\n"}}
[debug] [2026-06-13T10:16:49.804Z] E0613 11:16:49.804171    2616 watch.go:40] Failed to load config from "c:\\Users\\DELL\\Documents\\GitHub\\GAM_Med\\dataconnect": could not find dataconnect.yaml in `c:\Users\DELL\Documents\GitHub\GAM_Med\dataconnect`
 {"metadata":{"emulator":{"name":"dataconnect"},"message":"E0613 11:16:49.804171    2616 watch.go:40] Failed to load config from \"c:\\\\Users\\\\DELL\\\\Documents\\\\GitHub\\\\GAM_Med\\\\dataconnect\": could not find dataconnect.yaml in `c:\\Users\\DELL\\Documents\\GitHub\\GAM_Med\\dataconnect`\n"}}
[debug] [2026-06-13T10:16:59.804Z] E0613 11:16:59.804219    2616 watch.go:40] Failed to load config from "c:\\Users\\DELL\\Documents\\GitHub\\GAM_Med\\dataconnect": could not find dataconnect.yaml in `c:\Users\DELL\Documents\GitHub\GAM_Med\dataconnect`
 {"metadata":{"emulator":{"name":"dataconnect"},"message":"E0613 11:16:59.804219    2616 watch.go:40] Failed to load config from \"c:\\\\Users\\\\DELL\\\\Documents\\\\GitHub\\\\GAM_Med\\\\dataconnect\": could not find dataconnect.yaml in `c:\\Users\\DELL\\Documents\\GitHub\\GAM_Med\\dataconnect`\n"}}
[debug] [2026-06-13T10:17:09.804Z] E0613 11:17:09.804472    2616 watch.go:40] Failed to load config from "c:\\Users\\DELL\\Documents\\GitHub\\GAM_Med\\dataconnect": could not find dataconnect.yaml in `c:\Users\DELL\Documents\GitHub\GAM_Med\dataconnect`
 {"metadata":{"emulator":{"name":"dataconnect"},"message":"E0613 11:17:09.804472    2616 watch.go:40] Failed to load config from \"c:\\\\Users\\\\DELL\\\\Documents\\\\GitHub\\\\GAM_Med\\\\dataconnect\": could not find dataconnect.yaml in `c:\\Users\\DELL\\Documents\\GitHub\\GAM_Med\\dataconnect`\n"}}
[debug] [2026-06-13T10:17:19.804Z] E0613 11:17:19.803951    2616 watch.go:40] Failed to load config from "c:\\Users\\DELL\\Documents\\GitHub\\GAM_Med\\dataconnect": could not find dataconnect.yaml in `c:\Users\DELL\Documents\GitHub\GAM_Med\dataconnect`
 {"metadata":{"emulator":{"name":"dataconnect"},"message":"E0613 11:17:19.803951    2616 watch.go:40] Failed to load config from \"c:\\\\Users\\\\DELL\\\\Documents\\\\GitHub\\\\GAM_Med\\\\dataconnect\": could not find dataconnect.yaml in `c:\\Users\\DELL\\Documents\\GitHub\\GAM_Med\\dataconnect`\n"}}
[debug] [2026-06-13T10:17:29.804Z] E0613 11:17:29.803999    2616 watch.go:40] Failed to load config from "c:\\Users\\DELL\\Documents\\GitHub\\GAM_Med\\dataconnect": could not find dataconnect.yaml in `c:\Users\DELL\Documents\GitHub\GAM_Med\dataconnect`
 {"metadata":{"emulator":{"name":"dataconnect"},"message":"E0613 11:17:29.803999    2616 watch.go:40] Failed to load config from \"c:\\\\Users\\\\DELL\\\\Documents\\\\GitHub\\\\GAM_Med\\\\dataconnect\": could not find dataconnect.yaml in `c:\\Users\\DELL\\Documents\\GitHub\\GAM_Med\\dataconnect`\n"}}
[debug] [2026-06-13T10:17:39.804Z] E0613 11:17:39.804125    2616 watch.go:40] Failed to load config from "c:\\Users\\DELL\\Documents\\GitHub\\GAM_Med\\dataconnect": could not find dataconnect.yaml in `c:\Users\DELL\Documents\GitHub\GAM_Med\dataconnect`
 {"metadata":{"emulator":{"name":"dataconnect"},"message":"E0613 11:17:39.804125    2616 watch.go:40] Failed to load config from \"c:\\\\Users\\\\DELL\\\\Documents\\\\GitHub\\\\GAM_Med\\\\dataconnect\": could not find dataconnect.yaml in `c:\\Users\\DELL\\Documents\\GitHub\\GAM_Med\\dataconnect`\n"}}
[debug] [2026-06-13T10:17:49.804Z] E0613 11:17:49.804107    2616 watch.go:116] watchAllDir unable to walk dir `c:\Users\DELL\Documents\GitHub\GAM_Med\dataconnect`: GetFileAttributesEx c:\Users\DELL\Documents\GitHub\GAM_Med\dataconnect: The system cannot find the file specified.
 {"metadata":{"emulator":{"name":"dataconnect"},"message":"E0613 11:17:49.804107    2616 watch.go:116] watchAllDir unable to walk dir `c:\\Users\\DELL\\Documents\\GitHub\\GAM_Med\\dataconnect`: GetFileAttributesEx c:\\Users\\DELL\\Documents\\GitHub\\GAM_Med\\dataconnect: The system cannot find the file specified.\n"}}
[debug] [2026-06-13T10:17:49.804Z] E0613 11:17:49.804107    2616 watch.go:40] Failed to load config from "c:\\Users\\DELL\\Documents\\GitHub\\GAM_Med\\dataconnect": could not find dataconnect.yaml in `c:\Users\DELL\Documents\GitHub\GAM_Med\dataconnect`
 {"metadata":{"emulator":{"name":"dataconnect"},"message":"E0613 11:17:49.804107    2616 watch.go:40] Failed to load config from \"c:\\\\Users\\\\DELL\\\\Documents\\\\GitHub\\\\GAM_Med\\\\dataconnect\": could not find dataconnect.yaml in `c:\\Users\\DELL\\Documents\\GitHub\\GAM_Med\\dataconnect`\n"}}
[debug] [2026-06-13T10:17:59.804Z] E0613 11:17:59.804257    2616 watch.go:40] Failed to load config from "c:\\Users\\DELL\\Documents\\GitHub\\GAM_Med\\dataconnect": could not find dataconnect.yaml in `c:\Users\DELL\Documents\GitHub\GAM_Med\dataconnect`
 {"metadata":{"emulator":{"name":"dataconnect"},"message":"E0613 11:17:59.804257    2616 watch.go:40] Failed to load config from \"c:\\\\Users\\\\DELL\\\\Documents\\\\GitHub\\\\GAM_Med\\\\dataconnect\": could not find dataconnect.yaml in `c:\\Users\\DELL\\Documents\\GitHub\\GAM_Med\\dataconnect`\n"}}
[debug] [2026-06-13T10:18:09.804Z] E0613 11:18:09.804233    2616 watch.go:40] Failed to load config from "c:\\Users\\DELL\\Documents\\GitHub\\GAM_Med\\dataconnect": could not find dataconnect.yaml in `c:\Users\DELL\Documents\GitHub\GAM_Med\dataconnect`
 {"metadata":{"emulator":{"name":"dataconnect"},"message":"E0613 11:18:09.804233    2616 watch.go:40] Failed to load config from \"c:\\\\Users\\\\DELL\\\\Documents\\\\GitHub\\\\GAM_Med\\\\dataconnect\": could not find dataconnect.yaml in `c:\\Users\\DELL\\Documents\\GitHub\\GAM_Med\\dataconnect`\n"}}
[debug] [2026-06-13T10:18:19.803Z] E0613 11:18:19.804740    2616 watch.go:40] Failed to load config from "c:\\Users\\DELL\\Documents\\GitHub\\GAM_Med\\dataconnect": could not find dataconnect.yaml in `c:\Users\DELL\Documents\GitHub\GAM_Med\dataconnect`
 {"metadata":{"emulator":{"name":"dataconnect"},"message":"E0613 11:18:19.804740    2616 watch.go:40] Failed to load config from \"c:\\\\Users\\\\DELL\\\\Documents\\\\GitHub\\\\GAM_Med\\\\dataconnect\": could not find dataconnect.yaml in `c:\\Users\\DELL\\Documents\\GitHub\\GAM_Med\\dataconnect`\n"}}
[debug] [2026-06-13T10:18:29.803Z] E0613 11:18:29.804485    2616 watch.go:40] Failed to load config from "c:\\Users\\DELL\\Documents\\GitHub\\GAM_Med\\dataconnect": could not find dataconnect.yaml in `c:\Users\DELL\Documents\GitHub\GAM_Med\dataconnect`
 {"metadata":{"emulator":{"name":"dataconnect"},"message":"E0613 11:18:29.804485    2616 watch.go:40] Failed to load config from \"c:\\\\Users\\\\DELL\\\\Documents\\\\GitHub\\\\GAM_Med\\\\dataconnect\": could not find dataconnect.yaml in `c:\\Users\\DELL\\Documents\\GitHub\\GAM_Med\\dataconnect`\n"}}
[debug] [2026-06-13T10:18:39.803Z] E0613 11:18:39.804093    2616 watch.go:40] Failed to load config from "c:\\Users\\DELL\\Documents\\GitHub\\GAM_Med\\dataconnect": could not find dataconnect.yaml in `c:\Users\DELL\Documents\GitHub\GAM_Med\dataconnect`
 {"metadata":{"emulator":{"name":"dataconnect"},"message":"E0613 11:18:39.804093    2616 watch.go:40] Failed to load config from \"c:\\\\Users\\\\DELL\\\\Documents\\\\GitHub\\\\GAM_Med\\\\dataconnect\": could not find dataconnect.yaml in `c:\\Users\\DELL\\Documents\\GitHub\\GAM_Med\\dataconnect`\n"}}
[debug] [2026-06-13T10:18:49.803Z] E0613 11:18:49.804358    2616 watch.go:116] watchAllDir unable to walk dir `c:\Users\DELL\Documents\GitHub\GAM_Med\dataconnect`: GetFileAttributesEx c:\Users\DELL\Documents\GitHub\GAM_Med\dataconnect: The system cannot find the file specified.
 {"metadata":{"emulator":{"name":"dataconnect"},"message":"E0613 11:18:49.804358    2616 watch.go:116] watchAllDir unable to walk dir `c:\\Users\\DELL\\Documents\\GitHub\\GAM_Med\\dataconnect`: GetFileAttributesEx c:\\Users\\DELL\\Documents\\GitHub\\GAM_Med\\dataconnect: The system cannot find the file specified.\n"}}
[debug] [2026-06-13T10:18:49.803Z] E0613 11:18:49.804358    2616 watch.go:40] Failed to load config from "c:\\Users\\DELL\\Documents\\GitHub\\GAM_Med\\dataconnect": could not find dataconnect.yaml in `c:\Users\DELL\Documents\GitHub\GAM_Med\dataconnect`
 {"metadata":{"emulator":{"name":"dataconnect"},"message":"E0613 11:18:49.804358    2616 watch.go:40] Failed to load config from \"c:\\\\Users\\\\DELL\\\\Documents\\\\GitHub\\\\GAM_Med\\\\dataconnect\": could not find dataconnect.yaml in `c:\\Users\\DELL\\Documents\\GitHub\\GAM_Med\\dataconnect`\n"}}
[debug] [2026-06-13T10:18:59.803Z] E0613 11:18:59.804445    2616 watch.go:40] Failed to load config from "c:\\Users\\DELL\\Documents\\GitHub\\GAM_Med\\dataconnect": could not find dataconnect.yaml in `c:\Users\DELL\Documents\GitHub\GAM_Med\dataconnect`
 {"metadata":{"emulator":{"name":"dataconnect"},"message":"E0613 11:18:59.804445    2616 watch.go:40] Failed to load config from \"c:\\\\Users\\\\DELL\\\\Documents\\\\GitHub\\\\GAM_Med\\\\dataconnect\": could not find dataconnect.yaml in `c:\\Users\\DELL\\Documents\\GitHub\\GAM_Med\\dataconnect`\n"}}
[debug] [2026-06-13T10:19:09.802Z] E0613 11:19:09.803871    2616 watch.go:40] Failed to load config from "c:\\Users\\DELL\\Documents\\GitHub\\GAM_Med\\dataconnect": could not find dataconnect.yaml in `c:\Users\DELL\Documents\GitHub\GAM_Med\dataconnect`
 {"metadata":{"emulator":{"name":"dataconnect"},"message":"E0613 11:19:09.803871    2616 watch.go:40] Failed to load config from \"c:\\\\Users\\\\DELL\\\\Documents\\\\GitHub\\\\GAM_Med\\\\dataconnect\": could not find dataconnect.yaml in `c:\\Users\\DELL\\Documents\\GitHub\\GAM_Med\\dataconnect`\n"}}
[debug] [2026-06-13T10:19:19.803Z] E0613 11:19:19.803917    2616 watch.go:40] Failed to load config from "c:\\Users\\DELL\\Documents\\GitHub\\GAM_Med\\dataconnect": could not find dataconnect.yaml in `c:\Users\DELL\Documents\GitHub\GAM_Med\dataconnect`
 {"metadata":{"emulator":{"name":"dataconnect"},"message":"E0613 11:19:19.803917    2616 watch.go:40] Failed to load config from \"c:\\\\Users\\\\DELL\\\\Documents\\\\GitHub\\\\GAM_Med\\\\dataconnect\": could not find dataconnect.yaml in `c:\\Users\\DELL\\Documents\\GitHub\\GAM_Med\\dataconnect`\n"}}
[debug] [2026-06-13T10:19:29.804Z] E0613 11:19:29.804322    2616 watch.go:40] Failed to load config from "c:\\Users\\DELL\\Documents\\GitHub\\GAM_Med\\dataconnect": could not find dataconnect.yaml in `c:\Users\DELL\Documents\GitHub\GAM_Med\dataconnect`
 {"metadata":{"emulator":{"name":"dataconnect"},"message":"E0613 11:19:29.804322    2616 watch.go:40] Failed to load config from \"c:\\\\Users\\\\DELL\\\\Documents\\\\GitHub\\\\GAM_Med\\\\dataconnect\": could not find dataconnect.yaml in `c:\\Users\\DELL\\Documents\\GitHub\\GAM_Med\\dataconnect`\n"}}
[debug] [2026-06-13T10:19:39.804Z] E0613 11:19:39.804354    2616 watch.go:40] Failed to load config from "c:\\Users\\DELL\\Documents\\GitHub\\GAM_Med\\dataconnect": could not find dataconnect.yaml in `c:\Users\DELL\Documents\GitHub\GAM_Med\dataconnect`
 {"metadata":{"emulator":{"name":"dataconnect"},"message":"E0613 11:19:39.804354    2616 watch.go:40] Failed to load config from \"c:\\\\Users\\\\DELL\\\\Documents\\\\GitHub\\\\GAM_Med\\\\dataconnect\": could not find dataconnect.yaml in `c:\\Users\\DELL\\Documents\\GitHub\\GAM_Med\\dataconnect`\n"}}
[debug] [2026-06-13T10:19:49.803Z] E0613 11:19:49.803832    2616 watch.go:116] watchAllDir unable to walk dir `c:\Users\DELL\Documents\GitHub\GAM_Med\dataconnect`: GetFileAttributesEx c:\Users\DELL\Documents\GitHub\GAM_Med\dataconnect: The system cannot find the file specified.
 {"metadata":{"emulator":{"name":"dataconnect"},"message":"E0613 11:19:49.803832    2616 watch.go:116] watchAllDir unable to walk dir `c:\\Users\\DELL\\Documents\\GitHub\\GAM_Med\\dataconnect`: GetFileAttributesEx c:\\Users\\DELL\\Documents\\GitHub\\GAM_Med\\dataconnect: The system cannot find the file specified.\n"}}
[debug] [2026-06-13T10:19:49.804Z] E0613 11:19:49.803832    2616 watch.go:40] Failed to load config from "c:\\Users\\DELL\\Documents\\GitHub\\GAM_Med\\dataconnect": could not find dataconnect.yaml in `c:\Users\DELL\Documents\GitHub\GAM_Med\dataconnect`
 {"metadata":{"emulator":{"name":"dataconnect"},"message":"E0613 11:19:49.803832    2616 watch.go:40] Failed to load config from \"c:\\\\Users\\\\DELL\\\\Documents\\\\GitHub\\\\GAM_Med\\\\dataconnect\": could not find dataconnect.yaml in `c:\\Users\\DELL\\Documents\\GitHub\\GAM_Med\\dataconnect`\n"}}
[debug] [2026-06-13T10:19:59.804Z] E0613 11:19:59.804291    2616 watch.go:40] Failed to load config from "c:\\Users\\DELL\\Documents\\GitHub\\GAM_Med\\dataconnect": could not find dataconnect.yaml in `c:\Users\DELL\Documents\GitHub\GAM_Med\dataconnect`
 {"metadata":{"emulator":{"name":"dataconnect"},"message":"E0613 11:19:59.804291    2616 watch.go:40] Failed to load config from \"c:\\\\Users\\\\DELL\\\\Documents\\\\GitHub\\\\GAM_Med\\\\dataconnect\": could not find dataconnect.yaml in `c:\\Users\\DELL\\Documents\\GitHub\\GAM_Med\\dataconnect`\n"}}
[debug] [2026-06-13T10:20:09.803Z] E0613 11:20:09.803995    2616 watch.go:40] Failed to load config from "c:\\Users\\DELL\\Documents\\GitHub\\GAM_Med\\dataconnect": could not find dataconnect.yaml in `c:\Users\DELL\Documents\GitHub\GAM_Med\dataconnect`
 {"metadata":{"emulator":{"name":"dataconnect"},"message":"E0613 11:20:09.803995    2616 watch.go:40] Failed to load config from \"c:\\\\Users\\\\DELL\\\\Documents\\\\GitHub\\\\GAM_Med\\\\dataconnect\": could not find dataconnect.yaml in `c:\\Users\\DELL\\Documents\\GitHub\\GAM_Med\\dataconnect`\n"}}
[debug] [2026-06-13T10:20:19.804Z] E0613 11:20:19.804187    2616 watch.go:40] Failed to load config from "c:\\Users\\DELL\\Documents\\GitHub\\GAM_Med\\dataconnect": could not find dataconnect.yaml in `c:\Users\DELL\Documents\GitHub\GAM_Med\dataconnect`
 {"metadata":{"emulator":{"name":"dataconnect"},"message":"E0613 11:20:19.804187    2616 watch.go:40] Failed to load config from \"c:\\\\Users\\\\DELL\\\\Documents\\\\GitHub\\\\GAM_Med\\\\dataconnect\": could not find dataconnect.yaml in `c:\\Users\\DELL\\Documents\\GitHub\\GAM_Med\\dataconnect`\n"}}
[debug] [2026-06-13T10:20:29.804Z] E0613 11:20:29.804102    2616 watch.go:40] Failed to load config from "c:\\Users\\DELL\\Documents\\GitHub\\GAM_Med\\dataconnect": could not find dataconnect.yaml in `c:\Users\DELL\Documents\GitHub\GAM_Med\dataconnect`
 {"metadata":{"emulator":{"name":"dataconnect"},"message":"E0613 11:20:29.804102    2616 watch.go:40] Failed to load config from \"c:\\\\Users\\\\DELL\\\\Documents\\\\GitHub\\\\GAM_Med\\\\dataconnect\": could not find dataconnect.yaml in `c:\\Users\\DELL\\Documents\\GitHub\\GAM_Med\\dataconnect`\n"}}
[debug] [2026-06-13T10:20:39.803Z] E0613 11:20:39.804049    2616 watch.go:40] Failed to load config from "c:\\Users\\DELL\\Documents\\GitHub\\GAM_Med\\dataconnect": could not find dataconnect.yaml in `c:\Users\DELL\Documents\GitHub\GAM_Med\dataconnect`
 {"metadata":{"emulator":{"name":"dataconnect"},"message":"E0613 11:20:39.804049    2616 watch.go:40] Failed to load config from \"c:\\\\Users\\\\DELL\\\\Documents\\\\GitHub\\\\GAM_Med\\\\dataconnect\": could not find dataconnect.yaml in `c:\\Users\\DELL\\Documents\\GitHub\\GAM_Med\\dataconnect`\n"}}
[debug] [2026-06-13T10:20:49.804Z] E0613 11:20:49.804296    2616 watch.go:116] watchAllDir unable to walk dir `c:\Users\DELL\Documents\GitHub\GAM_Med\dataconnect`: GetFileAttributesEx c:\Users\DELL\Documents\GitHub\GAM_Med\dataconnect: The system cannot find the file specified.
 {"metadata":{"emulator":{"name":"dataconnect"},"message":"E0613 11:20:49.804296    2616 watch.go:116] watchAllDir unable to walk dir `c:\\Users\\DELL\\Documents\\GitHub\\GAM_Med\\dataconnect`: GetFileAttributesEx c:\\Users\\DELL\\Documents\\GitHub\\GAM_Med\\dataconnect: The system cannot find the file specified.\n"}}
[debug] [2026-06-13T10:20:49.804Z] E0613 11:20:49.804296    2616 watch.go:40] Failed to load config from "c:\\Users\\DELL\\Documents\\GitHub\\GAM_Med\\dataconnect": could not find dataconnect.yaml in `c:\Users\DELL\Documents\GitHub\GAM_Med\dataconnect`
 {"metadata":{"emulator":{"name":"dataconnect"},"message":"E0613 11:20:49.804296    2616 watch.go:40] Failed to load config from \"c:\\\\Users\\\\DELL\\\\Documents\\\\GitHub\\\\GAM_Med\\\\dataconnect\": could not find dataconnect.yaml in `c:\\Users\\DELL\\Documents\\GitHub\\GAM_Med\\dataconnect`\n"}}
[debug] [2026-06-13T10:20:59.804Z] E0613 11:20:59.804277    2616 watch.go:40] Failed to load config from "c:\\Users\\DELL\\Documents\\GitHub\\GAM_Med\\dataconnect": could not find dataconnect.yaml in `c:\Users\DELL\Documents\GitHub\GAM_Med\dataconnect`
 {"metadata":{"emulator":{"name":"dataconnect"},"message":"E0613 11:20:59.804277    2616 watch.go:40] Failed to load config from \"c:\\\\Users\\\\DELL\\\\Documents\\\\GitHub\\\\GAM_Med\\\\dataconnect\": could not find dataconnect.yaml in `c:\\Users\\DELL\\Documents\\GitHub\\GAM_Med\\dataconnect`\n"}}
[debug] [2026-06-13T10:21:09.804Z] E0613 11:21:09.804190    2616 watch.go:40] Failed to load config from "c:\\Users\\DELL\\Documents\\GitHub\\GAM_Med\\dataconnect": could not find dataconnect.yaml in `c:\Users\DELL\Documents\GitHub\GAM_Med\dataconnect`
 {"metadata":{"emulator":{"name":"dataconnect"},"message":"E0613 11:21:09.804190    2616 watch.go:40] Failed to load config from \"c:\\\\Users\\\\DELL\\\\Documents\\\\GitHub\\\\GAM_Med\\\\dataconnect\": could not find dataconnect.yaml in `c:\\Users\\DELL\\Documents\\GitHub\\GAM_Med\\dataconnect`\n"}}
[debug] [2026-06-13T10:21:19.804Z] E0613 11:21:19.804828    2616 watch.go:40] Failed to load config from "c:\\Users\\DELL\\Documents\\GitHub\\GAM_Med\\dataconnect": could not find dataconnect.yaml in `c:\Users\DELL\Documents\GitHub\GAM_Med\dataconnect`
 {"metadata":{"emulator":{"name":"dataconnect"},"message":"E0613 11:21:19.804828    2616 watch.go:40] Failed to load config from \"c:\\\\Users\\\\DELL\\\\Documents\\\\GitHub\\\\GAM_Med\\\\dataconnect\": could not find dataconnect.yaml in `c:\\Users\\DELL\\Documents\\GitHub\\GAM_Med\\dataconnect`\n"}}
[debug] [2026-06-13T10:21:29.804Z] E0613 11:21:29.804319    2616 watch.go:40] Failed to load config from "c:\\Users\\DELL\\Documents\\GitHub\\GAM_Med\\dataconnect": could not find dataconnect.yaml in `c:\Users\DELL\Documents\GitHub\GAM_Med\dataconnect`
 {"metadata":{"emulator":{"name":"dataconnect"},"message":"E0613 11:21:29.804319    2616 watch.go:40] Failed to load config from \"c:\\\\Users\\\\DELL\\\\Documents\\\\GitHub\\\\GAM_Med\\\\dataconnect\": could not find dataconnect.yaml in `c:\\Users\\DELL\\Documents\\GitHub\\GAM_Med\\dataconnect`\n"}}
[debug] [2026-06-13T10:21:39.804Z] E0613 11:21:39.804054    2616 watch.go:40] Failed to load config from "c:\\Users\\DELL\\Documents\\GitHub\\GAM_Med\\dataconnect": could not find dataconnect.yaml in `c:\Users\DELL\Documents\GitHub\GAM_Med\dataconnect`
 {"metadata":{"emulator":{"name":"dataconnect"},"message":"E0613 11:21:39.804054    2616 watch.go:40] Failed to load config from \"c:\\\\Users\\\\DELL\\\\Documents\\\\GitHub\\\\GAM_Med\\\\dataconnect\": could not find dataconnect.yaml in `c:\\Users\\DELL\\Documents\\GitHub\\GAM_Med\\dataconnect`\n"}}
[debug] [2026-06-13T10:21:49.804Z] E0613 11:21:49.804317    2616 watch.go:116] watchAllDir unable to walk dir `c:\Users\DELL\Documents\GitHub\GAM_Med\dataconnect`: GetFileAttributesEx c:\Users\DELL\Documents\GitHub\GAM_Med\dataconnect: The system cannot find the file specified.
E0613 11:21:49.804317    2616 watch.go:40] Failed to load config from "c:\\Users\\DELL\\Documents\\GitHub\\GAM_Med\\dataconnect": could not find dataconnect.yaml in `c:\Users\DELL\Documents\GitHub\GAM_Med\dataconnect`
 {"metadata":{"emulator":{"name":"dataconnect"},"message":"E0613 11:21:49.804317    2616 watch.go:116] watchAllDir unable to walk dir `c:\\Users\\DELL\\Documents\\GitHub\\GAM_Med\\dataconnect`: GetFileAttributesEx c:\\Users\\DELL\\Documents\\GitHub\\GAM_Med\\dataconnect: The system cannot find the file specified.\nE0613 11:21:49.804317    2616 watch.go:40] Failed to load config from \"c:\\\\Users\\\\DELL\\\\Documents\\\\GitHub\\\\GAM_Med\\\\dataconnect\": could not find dataconnect.yaml in `c:\\Users\\DELL\\Documents\\GitHub\\GAM_Med\\dataconnect`\n"}}
[debug] [2026-06-13T10:21:59.804Z] E0613 11:21:59.804419    2616 watch.go:40] Failed to load config from "c:\\Users\\DELL\\Documents\\GitHub\\GAM_Med\\dataconnect": could not find dataconnect.yaml in `c:\Users\DELL\Documents\GitHub\GAM_Med\dataconnect`
 {"metadata":{"emulator":{"name":"dataconnect"},"message":"E0613 11:21:59.804419    2616 watch.go:40] Failed to load config from \"c:\\\\Users\\\\DELL\\\\Documents\\\\GitHub\\\\GAM_Med\\\\dataconnect\": could not find dataconnect.yaml in `c:\\Users\\DELL\\Documents\\GitHub\\GAM_Med\\dataconnect`\n"}}
[debug] [2026-06-13T10:22:09.803Z] E0613 11:22:09.803842    2616 watch.go:40] Failed to load config from "c:\\Users\\DELL\\Documents\\GitHub\\GAM_Med\\dataconnect": could not find dataconnect.yaml in `c:\Users\DELL\Documents\GitHub\GAM_Med\dataconnect`
 {"metadata":{"emulator":{"name":"dataconnect"},"message":"E0613 11:22:09.803842    2616 watch.go:40] Failed to load config from \"c:\\\\Users\\\\DELL\\\\Documents\\\\GitHub\\\\GAM_Med\\\\dataconnect\": could not find dataconnect.yaml in `c:\\Users\\DELL\\Documents\\GitHub\\GAM_Med\\dataconnect`\n"}}
[debug] [2026-06-13T10:22:19.804Z] E0613 11:22:19.804270    2616 watch.go:40] Failed to load config from "c:\\Users\\DELL\\Documents\\GitHub\\GAM_Med\\dataconnect": could not find dataconnect.yaml in `c:\Users\DELL\Documents\GitHub\GAM_Med\dataconnect`
 {"metadata":{"emulator":{"name":"dataconnect"},"message":"E0613 11:22:19.804270    2616 watch.go:40] Failed to load config from \"c:\\\\Users\\\\DELL\\\\Documents\\\\GitHub\\\\GAM_Med\\\\dataconnect\": could not find dataconnect.yaml in `c:\\Users\\DELL\\Documents\\GitHub\\GAM_Med\\dataconnect`\n"}}
[debug] [2026-06-13T10:22:29.803Z] E0613 11:22:29.804253    2616 watch.go:40] Failed to load config from "c:\\Users\\DELL\\Documents\\GitHub\\GAM_Med\\dataconnect": could not find dataconnect.yaml in `c:\Users\DELL\Documents\GitHub\GAM_Med\dataconnect`
 {"metadata":{"emulator":{"name":"dataconnect"},"message":"E0613 11:22:29.804253    2616 watch.go:40] Failed to load config from \"c:\\\\Users\\\\DELL\\\\Documents\\\\GitHub\\\\GAM_Med\\\\dataconnect\": could not find dataconnect.yaml in `c:\\Users\\DELL\\Documents\\GitHub\\GAM_Med\\dataconnect`\n"}}
[debug] [2026-06-13T10:22:39.803Z] E0613 11:22:39.803971    2616 watch.go:40] Failed to load config from "c:\\Users\\DELL\\Documents\\GitHub\\GAM_Med\\dataconnect": could not find dataconnect.yaml in `c:\Users\DELL\Documents\GitHub\GAM_Med\dataconnect`
 {"metadata":{"emulator":{"name":"dataconnect"},"message":"E0613 11:22:39.803971    2616 watch.go:40] Failed to load config from \"c:\\\\Users\\\\DELL\\\\Documents\\\\GitHub\\\\GAM_Med\\\\dataconnect\": could not find dataconnect.yaml in `c:\\Users\\DELL\\Documents\\GitHub\\GAM_Med\\dataconnect`\n"}}
[debug] [2026-06-13T10:22:49.803Z] E0613 11:22:49.803814    2616 watch.go:116] watchAllDir unable to walk dir `c:\Users\DELL\Documents\GitHub\GAM_Med\dataconnect`: GetFileAttributesEx c:\Users\DELL\Documents\GitHub\GAM_Med\dataconnect: The system cannot find the file specified.
 {"metadata":{"emulator":{"name":"dataconnect"},"message":"E0613 11:22:49.803814    2616 watch.go:116] watchAllDir unable to walk dir `c:\\Users\\DELL\\Documents\\GitHub\\GAM_Med\\dataconnect`: GetFileAttributesEx c:\\Users\\DELL\\Documents\\GitHub\\GAM_Med\\dataconnect: The system cannot find the file specified.\n"}}
[debug] [2026-06-13T10:22:49.803Z] E0613 11:22:49.803814    2616 watch.go:40] Failed to load config from "c:\\Users\\DELL\\Documents\\GitHub\\GAM_Med\\dataconnect": could not find dataconnect.yaml in `c:\Users\DELL\Documents\GitHub\GAM_Med\dataconnect`
 {"metadata":{"emulator":{"name":"dataconnect"},"message":"E0613 11:22:49.803814    2616 watch.go:40] Failed to load config from \"c:\\\\Users\\\\DELL\\\\Documents\\\\GitHub\\\\GAM_Med\\\\dataconnect\": could not find dataconnect.yaml in `c:\\Users\\DELL\\Documents\\GitHub\\GAM_Med\\dataconnect`\n"}}
[debug] [2026-06-13T10:22:59.803Z] E0613 11:22:59.804135    2616 watch.go:40] Failed to load config from "c:\\Users\\DELL\\Documents\\GitHub\\GAM_Med\\dataconnect": could not find dataconnect.yaml in `c:\Users\DELL\Documents\GitHub\GAM_Med\dataconnect`
 {"metadata":{"emulator":{"name":"dataconnect"},"message":"E0613 11:22:59.804135    2616 watch.go:40] Failed to load config from \"c:\\\\Users\\\\DELL\\\\Documents\\\\GitHub\\\\GAM_Med\\\\dataconnect\": could not find dataconnect.yaml in `c:\\Users\\DELL\\Documents\\GitHub\\GAM_Med\\dataconnect`\n"}}
[debug] [2026-06-13T10:23:09.804Z] E0613 11:23:09.804351    2616 watch.go:40] Failed to load config from "c:\\Users\\DELL\\Documents\\GitHub\\GAM_Med\\dataconnect": could not find dataconnect.yaml in `c:\Users\DELL\Documents\GitHub\GAM_Med\dataconnect`
 {"metadata":{"emulator":{"name":"dataconnect"},"message":"E0613 11:23:09.804351    2616 watch.go:40] Failed to load config from \"c:\\\\Users\\\\DELL\\\\Documents\\\\GitHub\\\\GAM_Med\\\\dataconnect\": could not find dataconnect.yaml in `c:\\Users\\DELL\\Documents\\GitHub\\GAM_Med\\dataconnect`\n"}}
[debug] [2026-06-13T10:23:19.803Z] E0613 11:23:19.804070    2616 watch.go:40] Failed to load config from "c:\\Users\\DELL\\Documents\\GitHub\\GAM_Med\\dataconnect": could not find dataconnect.yaml in `c:\Users\DELL\Documents\GitHub\GAM_Med\dataconnect`
 {"metadata":{"emulator":{"name":"dataconnect"},"message":"E0613 11:23:19.804070    2616 watch.go:40] Failed to load config from \"c:\\\\Users\\\\DELL\\\\Documents\\\\GitHub\\\\GAM_Med\\\\dataconnect\": could not find dataconnect.yaml in `c:\\Users\\DELL\\Documents\\GitHub\\GAM_Med\\dataconnect`\n"}}
[debug] [2026-06-13T10:23:29.804Z] E0613 11:23:29.804055    2616 watch.go:40] Failed to load config from "c:\\Users\\DELL\\Documents\\GitHub\\GAM_Med\\dataconnect": could not find dataconnect.yaml in `c:\Users\DELL\Documents\GitHub\GAM_Med\dataconnect`
 {"metadata":{"emulator":{"name":"dataconnect"},"message":"E0613 11:23:29.804055    2616 watch.go:40] Failed to load config from \"c:\\\\Users\\\\DELL\\\\Documents\\\\GitHub\\\\GAM_Med\\\\dataconnect\": could not find dataconnect.yaml in `c:\\Users\\DELL\\Documents\\GitHub\\GAM_Med\\dataconnect`\n"}}
[debug] [2026-06-13T10:23:39.804Z] E0613 11:23:39.804290    2616 watch.go:40] Failed to load config from "c:\\Users\\DELL\\Documents\\GitHub\\GAM_Med\\dataconnect": could not find dataconnect.yaml in `c:\Users\DELL\Documents\GitHub\GAM_Med\dataconnect`
 {"metadata":{"emulator":{"name":"dataconnect"},"message":"E0613 11:23:39.804290    2616 watch.go:40] Failed to load config from \"c:\\\\Users\\\\DELL\\\\Documents\\\\GitHub\\\\GAM_Med\\\\dataconnect\": could not find dataconnect.yaml in `c:\\Users\\DELL\\Documents\\GitHub\\GAM_Med\\dataconnect`\n"}}
[debug] [2026-06-13T10:23:49.804Z] E0613 11:23:49.804281    2616 watch.go:116] watchAllDir unable to walk dir `c:\Users\DELL\Documents\GitHub\GAM_Med\dataconnect`: GetFileAttributesEx c:\Users\DELL\Documents\GitHub\GAM_Med\dataconnect: The system cannot find the file specified.
 {"metadata":{"emulator":{"name":"dataconnect"},"message":"E0613 11:23:49.804281    2616 watch.go:116] watchAllDir unable to walk dir `c:\\Users\\DELL\\Documents\\GitHub\\GAM_Med\\dataconnect`: GetFileAttributesEx c:\\Users\\DELL\\Documents\\GitHub\\GAM_Med\\dataconnect: The system cannot find the file specified.\n"}}
[debug] [2026-06-13T10:23:49.805Z] E0613 11:23:49.804281    2616 watch.go:40] Failed to load config from "c:\\Users\\DELL\\Documents\\GitHub\\GAM_Med\\dataconnect": could not find dataconnect.yaml in `c:\Users\DELL\Documents\GitHub\GAM_Med\dataconnect`
 {"metadata":{"emulator":{"name":"dataconnect"},"message":"E0613 11:23:49.804281    2616 watch.go:40] Failed to load config from \"c:\\\\Users\\\\DELL\\\\Documents\\\\GitHub\\\\GAM_Med\\\\dataconnect\": could not find dataconnect.yaml in `c:\\Users\\DELL\\Documents\\GitHub\\GAM_Med\\dataconnect`\n"}}
[debug] [2026-06-13T10:23:59.804Z] E0613 11:23:59.804090    2616 watch.go:40] Failed to load config from "c:\\Users\\DELL\\Documents\\GitHub\\GAM_Med\\dataconnect": could not find dataconnect.yaml in `c:\Users\DELL\Documents\GitHub\GAM_Med\dataconnect`
 {"metadata":{"emulator":{"name":"dataconnect"},"message":"E0613 11:23:59.804090    2616 watch.go:40] Failed to load config from \"c:\\\\Users\\\\DELL\\\\Documents\\\\GitHub\\\\GAM_Med\\\\dataconnect\": could not find dataconnect.yaml in `c:\\Users\\DELL\\Documents\\GitHub\\GAM_Med\\dataconnect`\n"}}
[debug] [2026-06-13T10:24:09.804Z] E0613 11:24:09.803977    2616 watch.go:40] Failed to load config from "c:\\Users\\DELL\\Documents\\GitHub\\GAM_Med\\dataconnect": could not find dataconnect.yaml in `c:\Users\DELL\Documents\GitHub\GAM_Med\dataconnect`
 {"metadata":{"emulator":{"name":"dataconnect"},"message":"E0613 11:24:09.803977    2616 watch.go:40] Failed to load config from \"c:\\\\Users\\\\DELL\\\\Documents\\\\GitHub\\\\GAM_Med\\\\dataconnect\": could not find dataconnect.yaml in `c:\\Users\\DELL\\Documents\\GitHub\\GAM_Med\\dataconnect`\n"}}
[debug] [2026-06-13T10:24:19.804Z] E0613 11:24:19.804281    2616 watch.go:40] Failed to load config from "c:\\Users\\DELL\\Documents\\GitHub\\GAM_Med\\dataconnect": could not find dataconnect.yaml in `c:\Users\DELL\Documents\GitHub\GAM_Med\dataconnect`
 {"metadata":{"emulator":{"name":"dataconnect"},"message":"E0613 11:24:19.804281    2616 watch.go:40] Failed to load config from \"c:\\\\Users\\\\DELL\\\\Documents\\\\GitHub\\\\GAM_Med\\\\dataconnect\": could not find dataconnect.yaml in `c:\\Users\\DELL\\Documents\\GitHub\\GAM_Med\\dataconnect`\n"}}
[debug] [2026-06-13T10:24:29.804Z] E0613 11:24:29.803946    2616 watch.go:40] Failed to load config from "c:\\Users\\DELL\\Documents\\GitHub\\GAM_Med\\dataconnect": could not find dataconnect.yaml in `c:\Users\DELL\Documents\GitHub\GAM_Med\dataconnect`
 {"metadata":{"emulator":{"name":"dataconnect"},"message":"E0613 11:24:29.803946    2616 watch.go:40] Failed to load config from \"c:\\\\Users\\\\DELL\\\\Documents\\\\GitHub\\\\GAM_Med\\\\dataconnect\": could not find dataconnect.yaml in `c:\\Users\\DELL\\Documents\\GitHub\\GAM_Med\\dataconnect`\n"}}
[debug] [2026-06-13T10:24:39.803Z] E0613 11:24:39.804083    2616 watch.go:40] Failed to load config from "c:\\Users\\DELL\\Documents\\GitHub\\GAM_Med\\dataconnect": could not find dataconnect.yaml in `c:\Users\DELL\Documents\GitHub\GAM_Med\dataconnect`
 {"metadata":{"emulator":{"name":"dataconnect"},"message":"E0613 11:24:39.804083    2616 watch.go:40] Failed to load config from \"c:\\\\Users\\\\DELL\\\\Documents\\\\GitHub\\\\GAM_Med\\\\dataconnect\": could not find dataconnect.yaml in `c:\\Users\\DELL\\Documents\\GitHub\\GAM_Med\\dataconnect`\n"}}
[debug] [2026-06-13T10:24:49.803Z] E0613 11:24:49.804260    2616 watch.go:116] watchAllDir unable to walk dir `c:\Users\DELL\Documents\GitHub\GAM_Med\dataconnect`: GetFileAttributesEx c:\Users\DELL\Documents\GitHub\GAM_Med\dataconnect: The system cannot find the file specified.
 {"metadata":{"emulator":{"name":"dataconnect"},"message":"E0613 11:24:49.804260    2616 watch.go:116] watchAllDir unable to walk dir `c:\\Users\\DELL\\Documents\\GitHub\\GAM_Med\\dataconnect`: GetFileAttributesEx c:\\Users\\DELL\\Documents\\GitHub\\GAM_Med\\dataconnect: The system cannot find the file specified.\n"}}
[debug] [2026-06-13T10:24:49.804Z] E0613 11:24:49.804260    2616 watch.go:40] Failed to load config from "c:\\Users\\DELL\\Documents\\GitHub\\GAM_Med\\dataconnect": could not find dataconnect.yaml in `c:\Users\DELL\Documents\GitHub\GAM_Med\dataconnect`
 {"metadata":{"emulator":{"name":"dataconnect"},"message":"E0613 11:24:49.804260    2616 watch.go:40] Failed to load config from \"c:\\\\Users\\\\DELL\\\\Documents\\\\GitHub\\\\GAM_Med\\\\dataconnect\": could not find dataconnect.yaml in `c:\\Users\\DELL\\Documents\\GitHub\\GAM_Med\\dataconnect`\n"}}
[debug] [2026-06-13T10:24:59.804Z] E0613 11:24:59.804299    2616 watch.go:40] Failed to load config from "c:\\Users\\DELL\\Documents\\GitHub\\GAM_Med\\dataconnect": could not find dataconnect.yaml in `c:\Users\DELL\Documents\GitHub\GAM_Med\dataconnect`
 {"metadata":{"emulator":{"name":"dataconnect"},"message":"E0613 11:24:59.804299    2616 watch.go:40] Failed to load config from \"c:\\\\Users\\\\DELL\\\\Documents\\\\GitHub\\\\GAM_Med\\\\dataconnect\": could not find dataconnect.yaml in `c:\\Users\\DELL\\Documents\\GitHub\\GAM_Med\\dataconnect`\n"}}
[debug] [2026-06-13T10:25:09.804Z] E0613 11:25:09.804203    2616 watch.go:40] Failed to load config from "c:\\Users\\DELL\\Documents\\GitHub\\GAM_Med\\dataconnect": could not find dataconnect.yaml in `c:\Users\DELL\Documents\GitHub\GAM_Med\dataconnect`
 {"metadata":{"emulator":{"name":"dataconnect"},"message":"E0613 11:25:09.804203    2616 watch.go:40] Failed to load config from \"c:\\\\Users\\\\DELL\\\\Documents\\\\GitHub\\\\GAM_Med\\\\dataconnect\": could not find dataconnect.yaml in `c:\\Users\\DELL\\Documents\\GitHub\\GAM_Med\\dataconnect`\n"}}
[debug] [2026-06-13T10:25:19.803Z] E0613 11:25:19.804232    2616 watch.go:40] Failed to load config from "c:\\Users\\DELL\\Documents\\GitHub\\GAM_Med\\dataconnect": could not find dataconnect.yaml in `c:\Users\DELL\Documents\GitHub\GAM_Med\dataconnect`
 {"metadata":{"emulator":{"name":"dataconnect"},"message":"E0613 11:25:19.804232    2616 watch.go:40] Failed to load config from \"c:\\\\Users\\\\DELL\\\\Documents\\\\GitHub\\\\GAM_Med\\\\dataconnect\": could not find dataconnect.yaml in `c:\\Users\\DELL\\Documents\\GitHub\\GAM_Med\\dataconnect`\n"}}
[debug] [2026-06-13T10:25:29.804Z] E0613 11:25:29.804330    2616 watch.go:40] Failed to load config from "c:\\Users\\DELL\\Documents\\GitHub\\GAM_Med\\dataconnect": could not find dataconnect.yaml in `c:\Users\DELL\Documents\GitHub\GAM_Med\dataconnect`
 {"metadata":{"emulator":{"name":"dataconnect"},"message":"E0613 11:25:29.804330    2616 watch.go:40] Failed to load config from \"c:\\\\Users\\\\DELL\\\\Documents\\\\GitHub\\\\GAM_Med\\\\dataconnect\": could not find dataconnect.yaml in `c:\\Users\\DELL\\Documents\\GitHub\\GAM_Med\\dataconnect`\n"}}
[debug] [2026-06-13T10:25:39.804Z] E0613 11:25:39.805289    2616 watch.go:40] Failed to load config from "c:\\Users\\DELL\\Documents\\GitHub\\GAM_Med\\dataconnect": could not find dataconnect.yaml in `c:\Users\DELL\Documents\GitHub\GAM_Med\dataconnect`
 {"metadata":{"emulator":{"name":"dataconnect"},"message":"E0613 11:25:39.805289    2616 watch.go:40] Failed to load config from \"c:\\\\Users\\\\DELL\\\\Documents\\\\GitHub\\\\GAM_Med\\\\dataconnect\": could not find dataconnect.yaml in `c:\\Users\\DELL\\Documents\\GitHub\\GAM_Med\\dataconnect`\n"}}
[debug] [2026-06-13T10:25:49.803Z] E0613 11:25:49.804282    2616 watch.go:116] watchAllDir unable to walk dir `c:\Users\DELL\Documents\GitHub\GAM_Med\dataconnect`: GetFileAttributesEx c:\Users\DELL\Documents\GitHub\GAM_Med\dataconnect: The system cannot find the file specified.
 {"metadata":{"emulator":{"name":"dataconnect"},"message":"E0613 11:25:49.804282    2616 watch.go:116] watchAllDir unable to walk dir `c:\\Users\\DELL\\Documents\\GitHub\\GAM_Med\\dataconnect`: GetFileAttributesEx c:\\Users\\DELL\\Documents\\GitHub\\GAM_Med\\dataconnect: The system cannot find the file specified.\n"}}
[debug] [2026-06-13T10:25:49.804Z] E0613 11:25:49.804282    2616 watch.go:40] Failed to load config from "c:\\Users\\DELL\\Documents\\GitHub\\GAM_Med\\dataconnect": could not find dataconnect.yaml in `c:\Users\DELL\Documents\GitHub\GAM_Med\dataconnect`
 {"metadata":{"emulator":{"name":"dataconnect"},"message":"E0613 11:25:49.804282    2616 watch.go:40] Failed to load config from \"c:\\\\Users\\\\DELL\\\\Documents\\\\GitHub\\\\GAM_Med\\\\dataconnect\": could not find dataconnect.yaml in `c:\\Users\\DELL\\Documents\\GitHub\\GAM_Med\\dataconnect`\n"}}
[debug] [2026-06-13T10:25:59.803Z] E0613 11:25:59.804009    2616 watch.go:40] Failed to load config from "c:\\Users\\DELL\\Documents\\GitHub\\GAM_Med\\dataconnect": could not find dataconnect.yaml in `c:\Users\DELL\Documents\GitHub\GAM_Med\dataconnect`
 {"metadata":{"emulator":{"name":"dataconnect"},"message":"E0613 11:25:59.804009    2616 watch.go:40] Failed to load config from \"c:\\\\Users\\\\DELL\\\\Documents\\\\GitHub\\\\GAM_Med\\\\dataconnect\": could not find dataconnect.yaml in `c:\\Users\\DELL\\Documents\\GitHub\\GAM_Med\\dataconnect`\n"}}
[debug] [2026-06-13T10:26:09.803Z] E0613 11:26:09.804114    2616 watch.go:40] Failed to load config from "c:\\Users\\DELL\\Documents\\GitHub\\GAM_Med\\dataconnect": could not find dataconnect.yaml in `c:\Users\DELL\Documents\GitHub\GAM_Med\dataconnect`
 {"metadata":{"emulator":{"name":"dataconnect"},"message":"E0613 11:26:09.804114    2616 watch.go:40] Failed to load config from \"c:\\\\Users\\\\DELL\\\\Documents\\\\GitHub\\\\GAM_Med\\\\dataconnect\": could not find dataconnect.yaml in `c:\\Users\\DELL\\Documents\\GitHub\\GAM_Med\\dataconnect`\n"}}
[debug] [2026-06-13T10:26:19.804Z] E0613 11:26:19.805281    2616 watch.go:40] Failed to load config from "c:\\Users\\DELL\\Documents\\GitHub\\GAM_Med\\dataconnect": could not find dataconnect.yaml in `c:\Users\DELL\Documents\GitHub\GAM_Med\dataconnect`
 {"metadata":{"emulator":{"name":"dataconnect"},"message":"E0613 11:26:19.805281    2616 watch.go:40] Failed to load config from \"c:\\\\Users\\\\DELL\\\\Documents\\\\GitHub\\\\GAM_Med\\\\dataconnect\": could not find dataconnect.yaml in `c:\\Users\\DELL\\Documents\\GitHub\\GAM_Med\\dataconnect`\n"}}
[debug] [2026-06-13T10:26:29.803Z] E0613 11:26:29.804273    2616 watch.go:40] Failed to load config from "c:\\Users\\DELL\\Documents\\GitHub\\GAM_Med\\dataconnect": could not find dataconnect.yaml in `c:\Users\DELL\Documents\GitHub\GAM_Med\dataconnect`
 {"metadata":{"emulator":{"name":"dataconnect"},"message":"E0613 11:26:29.804273    2616 watch.go:40] Failed to load config from \"c:\\\\Users\\\\DELL\\\\Documents\\\\GitHub\\\\GAM_Med\\\\dataconnect\": could not find dataconnect.yaml in `c:\\Users\\DELL\\Documents\\GitHub\\GAM_Med\\dataconnect`\n"}}
[debug] [2026-06-13T10:26:39.804Z] E0613 11:26:39.804161    2616 watch.go:40] Failed to load config from "c:\\Users\\DELL\\Documents\\GitHub\\GAM_Med\\dataconnect": could not find dataconnect.yaml in `c:\Users\DELL\Documents\GitHub\GAM_Med\dataconnect`
 {"metadata":{"emulator":{"name":"dataconnect"},"message":"E0613 11:26:39.804161    2616 watch.go:40] Failed to load config from \"c:\\\\Users\\\\DELL\\\\Documents\\\\GitHub\\\\GAM_Med\\\\dataconnect\": could not find dataconnect.yaml in `c:\\Users\\DELL\\Documents\\GitHub\\GAM_Med\\dataconnect`\n"}}
[debug] [2026-06-13T10:26:49.803Z] E0613 11:26:49.803947    2616 watch.go:116] watchAllDir unable to walk dir `c:\Users\DELL\Documents\GitHub\GAM_Med\dataconnect`: GetFileAttributesEx c:\Users\DELL\Documents\GitHub\GAM_Med\dataconnect: The system cannot find the file specified.
E0613 11:26:49.803947    2616 watch.go:40] Failed to load config from "c:\\Users\\DELL\\Documents\\GitHub\\GAM_Med\\dataconnect": could not find dataconnect.yaml in `c:\Users\DELL\Documents\GitHub\GAM_Med\dataconnect`
 {"metadata":{"emulator":{"name":"dataconnect"},"message":"E0613 11:26:49.803947    2616 watch.go:116] watchAllDir unable to walk dir `c:\\Users\\DELL\\Documents\\GitHub\\GAM_Med\\dataconnect`: GetFileAttributesEx c:\\Users\\DELL\\Documents\\GitHub\\GAM_Med\\dataconnect: The system cannot find the file specified.\nE0613 11:26:49.803947    2616 watch.go:40] Failed to load config from \"c:\\\\Users\\\\DELL\\\\Documents\\\\GitHub\\\\GAM_Med\\\\dataconnect\": could not find dataconnect.yaml in `c:\\Users\\DELL\\Documents\\GitHub\\GAM_Med\\dataconnect`\n"}}
[debug] [2026-06-13T10:26:59.803Z] E0613 11:26:59.804017    2616 watch.go:40] Failed to load config from "c:\\Users\\DELL\\Documents\\GitHub\\GAM_Med\\dataconnect": could not find dataconnect.yaml in `c:\Users\DELL\Documents\GitHub\GAM_Med\dataconnect`
 {"metadata":{"emulator":{"name":"dataconnect"},"message":"E0613 11:26:59.804017    2616 watch.go:40] Failed to load config from \"c:\\\\Users\\\\DELL\\\\Documents\\\\GitHub\\\\GAM_Med\\\\dataconnect\": could not find dataconnect.yaml in `c:\\Users\\DELL\\Documents\\GitHub\\GAM_Med\\dataconnect`\n"}}
[debug] [2026-06-13T10:27:09.804Z] E0613 11:27:09.804228    2616 watch.go:40] Failed to load config from "c:\\Users\\DELL\\Documents\\GitHub\\GAM_Med\\dataconnect": could not find dataconnect.yaml in `c:\Users\DELL\Documents\GitHub\GAM_Med\dataconnect`
 {"metadata":{"emulator":{"name":"dataconnect"},"message":"E0613 11:27:09.804228    2616 watch.go:40] Failed to load config from \"c:\\\\Users\\\\DELL\\\\Documents\\\\GitHub\\\\GAM_Med\\\\dataconnect\": could not find dataconnect.yaml in `c:\\Users\\DELL\\Documents\\GitHub\\GAM_Med\\dataconnect`\n"}}
[debug] [2026-06-13T10:27:19.804Z] E0613 11:27:19.804468    2616 watch.go:40] Failed to load config from "c:\\Users\\DELL\\Documents\\GitHub\\GAM_Med\\dataconnect": could not find dataconnect.yaml in `c:\Users\DELL\Documents\GitHub\GAM_Med\dataconnect`
 {"metadata":{"emulator":{"name":"dataconnect"},"message":"E0613 11:27:19.804468    2616 watch.go:40] Failed to load config from \"c:\\\\Users\\\\DELL\\\\Documents\\\\GitHub\\\\GAM_Med\\\\dataconnect\": could not find dataconnect.yaml in `c:\\Users\\DELL\\Documents\\GitHub\\GAM_Med\\dataconnect`\n"}}
[debug] [2026-06-13T10:27:29.804Z] E0613 11:27:29.803964    2616 watch.go:40] Failed to load config from "c:\\Users\\DELL\\Documents\\GitHub\\GAM_Med\\dataconnect": could not find dataconnect.yaml in `c:\Users\DELL\Documents\GitHub\GAM_Med\dataconnect`
 {"metadata":{"emulator":{"name":"dataconnect"},"message":"E0613 11:27:29.803964    2616 watch.go:40] Failed to load config from \"c:\\\\Users\\\\DELL\\\\Documents\\\\GitHub\\\\GAM_Med\\\\dataconnect\": could not find dataconnect.yaml in `c:\\Users\\DELL\\Documents\\GitHub\\GAM_Med\\dataconnect`\n"}}
[debug] [2026-06-13T10:27:39.804Z] E0613 11:27:39.804258    2616 watch.go:40] Failed to load config from "c:\\Users\\DELL\\Documents\\GitHub\\GAM_Med\\dataconnect": could not find dataconnect.yaml in `c:\Users\DELL\Documents\GitHub\GAM_Med\dataconnect`
 {"metadata":{"emulator":{"name":"dataconnect"},"message":"E0613 11:27:39.804258    2616 watch.go:40] Failed to load config from \"c:\\\\Users\\\\DELL\\\\Documents\\\\GitHub\\\\GAM_Med\\\\dataconnect\": could not find dataconnect.yaml in `c:\\Users\\DELL\\Documents\\GitHub\\GAM_Med\\dataconnect`\n"}}
[debug] [2026-06-13T10:27:49.803Z] E0613 11:27:49.804092    2616 watch.go:116] watchAllDir unable to walk dir `c:\Users\DELL\Documents\GitHub\GAM_Med\dataconnect`: GetFileAttributesEx c:\Users\DELL\Documents\GitHub\GAM_Med\dataconnect: The system cannot find the file specified.
E0613 11:27:49.804092    2616 watch.go:40] Failed to load config from "c:\\Users\\DELL\\Documents\\GitHub\\GAM_Med\\dataconnect": could not find dataconnect.yaml in `c:\Users\DELL\Documents\GitHub\GAM_Med\dataconnect`
 {"metadata":{"emulator":{"name":"dataconnect"},"message":"E0613 11:27:49.804092    2616 watch.go:116] watchAllDir unable to walk dir `c:\\Users\\DELL\\Documents\\GitHub\\GAM_Med\\dataconnect`: GetFileAttributesEx c:\\Users\\DELL\\Documents\\GitHub\\GAM_Med\\dataconnect: The system cannot find the file specified.\nE0613 11:27:49.804092    2616 watch.go:40] Failed to load config from \"c:\\\\Users\\\\DELL\\\\Documents\\\\GitHub\\\\GAM_Med\\\\dataconnect\": could not find dataconnect.yaml in `c:\\Users\\DELL\\Documents\\GitHub\\GAM_Med\\dataconnect`\n"}}
[debug] [2026-06-13T10:27:59.804Z] E0613 11:27:59.804528    2616 watch.go:40] Failed to load config from "c:\\Users\\DELL\\Documents\\GitHub\\GAM_Med\\dataconnect": could not find dataconnect.yaml in `c:\Users\DELL\Documents\GitHub\GAM_Med\dataconnect`
 {"metadata":{"emulator":{"name":"dataconnect"},"message":"E0613 11:27:59.804528    2616 watch.go:40] Failed to load config from \"c:\\\\Users\\\\DELL\\\\Documents\\\\GitHub\\\\GAM_Med\\\\dataconnect\": could not find dataconnect.yaml in `c:\\Users\\DELL\\Documents\\GitHub\\GAM_Med\\dataconnect`\n"}}
[debug] [2026-06-13T10:28:09.811Z] E0613 11:28:09.809594    2616 watch.go:40] Failed to load config from "c:\\Users\\DELL\\Documents\\GitHub\\GAM_Med\\dataconnect": could not find dataconnect.yaml in `c:\Users\DELL\Documents\GitHub\GAM_Med\dataconnect`
 {"metadata":{"emulator":{"name":"dataconnect"},"message":"E0613 11:28:09.809594    2616 watch.go:40] Failed to load config from \"c:\\\\Users\\\\DELL\\\\Documents\\\\GitHub\\\\GAM_Med\\\\dataconnect\": could not find dataconnect.yaml in `c:\\Users\\DELL\\Documents\\GitHub\\GAM_Med\\dataconnect`\n"}}
[debug] [2026-06-13T10:28:19.805Z] E0613 11:28:19.804890    2616 watch.go:40] Failed to load config from "c:\\Users\\DELL\\Documents\\GitHub\\GAM_Med\\dataconnect": could not find dataconnect.yaml in `c:\Users\DELL\Documents\GitHub\GAM_Med\dataconnect`
 {"metadata":{"emulator":{"name":"dataconnect"},"message":"E0613 11:28:19.804890    2616 watch.go:40] Failed to load config from \"c:\\\\Users\\\\DELL\\\\Documents\\\\GitHub\\\\GAM_Med\\\\dataconnect\": could not find dataconnect.yaml in `c:\\Users\\DELL\\Documents\\GitHub\\GAM_Med\\dataconnect`\n"}}
[debug] [2026-06-13T10:28:29.809Z] E0613 11:28:29.809525    2616 watch.go:40] Failed to load config from "c:\\Users\\DELL\\Documents\\GitHub\\GAM_Med\\dataconnect": could not find dataconnect.yaml in `c:\Users\DELL\Documents\GitHub\GAM_Med\dataconnect`
 {"metadata":{"emulator":{"name":"dataconnect"},"message":"E0613 11:28:29.809525    2616 watch.go:40] Failed to load config from \"c:\\\\Users\\\\DELL\\\\Documents\\\\GitHub\\\\GAM_Med\\\\dataconnect\": could not find dataconnect.yaml in `c:\\Users\\DELL\\Documents\\GitHub\\GAM_Med\\dataconnect`\n"}}
[debug] [2026-06-13T10:28:39.817Z] E0613 11:28:39.816909    2616 watch.go:40] Failed to load config from "c:\\Users\\DELL\\Documents\\GitHub\\GAM_Med\\dataconnect": could not find dataconnect.yaml in `c:\Users\DELL\Documents\GitHub\GAM_Med\dataconnect`
 {"metadata":{"emulator":{"name":"dataconnect"},"message":"E0613 11:28:39.816909    2616 watch.go:40] Failed to load config from \"c:\\\\Users\\\\DELL\\\\Documents\\\\GitHub\\\\GAM_Med\\\\dataconnect\": could not find dataconnect.yaml in `c:\\Users\\DELL\\Documents\\GitHub\\GAM_Med\\dataconnect`\n"}}
[debug] [2026-06-13T10:28:49.805Z] E0613 11:28:49.804218    2616 watch.go:116] watchAllDir unable to walk dir `c:\Users\DELL\Documents\GitHub\GAM_Med\dataconnect`: GetFileAttributesEx c:\Users\DELL\Documents\GitHub\GAM_Med\dataconnect: The system cannot find the file specified.
 {"metadata":{"emulator":{"name":"dataconnect"},"message":"E0613 11:28:49.804218    2616 watch.go:116] watchAllDir unable to walk dir `c:\\Users\\DELL\\Documents\\GitHub\\GAM_Med\\dataconnect`: GetFileAttributesEx c:\\Users\\DELL\\Documents\\GitHub\\GAM_Med\\dataconnect: The system cannot find the file specified.\n"}}
[debug] [2026-06-13T10:28:49.806Z] E0613 11:28:49.805707    2616 watch.go:40] Failed to load config from "c:\\Users\\DELL\\Documents\\GitHub\\GAM_Med\\dataconnect": could not find dataconnect.yaml in `c:\Users\DELL\Documents\GitHub\GAM_Med\dataconnect`
 {"metadata":{"emulator":{"name":"dataconnect"},"message":"E0613 11:28:49.805707    2616 watch.go:40] Failed to load config from \"c:\\\\Users\\\\DELL\\\\Documents\\\\GitHub\\\\GAM_Med\\\\dataconnect\": could not find dataconnect.yaml in `c:\\Users\\DELL\\Documents\\GitHub\\GAM_Med\\dataconnect`\n"}}
[debug] [2026-06-13T10:28:59.805Z] E0613 11:28:59.805346    2616 watch.go:40] Failed to load config from "c:\\Users\\DELL\\Documents\\GitHub\\GAM_Med\\dataconnect": could not find dataconnect.yaml in `c:\Users\DELL\Documents\GitHub\GAM_Med\dataconnect`
 {"metadata":{"emulator":{"name":"dataconnect"},"message":"E0613 11:28:59.805346    2616 watch.go:40] Failed to load config from \"c:\\\\Users\\\\DELL\\\\Documents\\\\GitHub\\\\GAM_Med\\\\dataconnect\": could not find dataconnect.yaml in `c:\\Users\\DELL\\Documents\\GitHub\\GAM_Med\\dataconnect`\n"}}
[debug] [2026-06-13T10:29:09.805Z] E0613 11:29:09.804714    2616 watch.go:40] Failed to load config from "c:\\Users\\DELL\\Documents\\GitHub\\GAM_Med\\dataconnect": could not find dataconnect.yaml in `c:\Users\DELL\Documents\GitHub\GAM_Med\dataconnect`
 {"metadata":{"emulator":{"name":"dataconnect"},"message":"E0613 11:29:09.804714    2616 watch.go:40] Failed to load config from \"c:\\\\Users\\\\DELL\\\\Documents\\\\GitHub\\\\GAM_Med\\\\dataconnect\": could not find dataconnect.yaml in `c:\\Users\\DELL\\Documents\\GitHub\\GAM_Med\\dataconnect`\n"}}
[debug] [2026-06-13T10:29:19.804Z] E0613 11:29:19.804106    2616 watch.go:40] Failed to load config from "c:\\Users\\DELL\\Documents\\GitHub\\GAM_Med\\dataconnect": could not find dataconnect.yaml in `c:\Users\DELL\Documents\GitHub\GAM_Med\dataconnect`
 {"metadata":{"emulator":{"name":"dataconnect"},"message":"E0613 11:29:19.804106    2616 watch.go:40] Failed to load config from \"c:\\\\Users\\\\DELL\\\\Documents\\\\GitHub\\\\GAM_Med\\\\dataconnect\": could not find dataconnect.yaml in `c:\\Users\\DELL\\Documents\\GitHub\\GAM_Med\\dataconnect`\n"}}
[debug] [2026-06-13T10:29:29.804Z] E0613 11:29:29.804148    2616 watch.go:40] Failed to load config from "c:\\Users\\DELL\\Documents\\GitHub\\GAM_Med\\dataconnect": could not find dataconnect.yaml in `c:\Users\DELL\Documents\GitHub\GAM_Med\dataconnect`
 {"metadata":{"emulator":{"name":"dataconnect"},"message":"E0613 11:29:29.804148    2616 watch.go:40] Failed to load config from \"c:\\\\Users\\\\DELL\\\\Documents\\\\GitHub\\\\GAM_Med\\\\dataconnect\": could not find dataconnect.yaml in `c:\\Users\\DELL\\Documents\\GitHub\\GAM_Med\\dataconnect`\n"}}
[debug] [2026-06-13T10:29:39.804Z] E0613 11:29:39.804152    2616 watch.go:40] Failed to load config from "c:\\Users\\DELL\\Documents\\GitHub\\GAM_Med\\dataconnect": could not find dataconnect.yaml in `c:\Users\DELL\Documents\GitHub\GAM_Med\dataconnect`
 {"metadata":{"emulator":{"name":"dataconnect"},"message":"E0613 11:29:39.804152    2616 watch.go:40] Failed to load config from \"c:\\\\Users\\\\DELL\\\\Documents\\\\GitHub\\\\GAM_Med\\\\dataconnect\": could not find dataconnect.yaml in `c:\\Users\\DELL\\Documents\\GitHub\\GAM_Med\\dataconnect`\n"}}
[debug] [2026-06-13T10:29:49.804Z] E0613 11:29:49.804141    2616 watch.go:116] watchAllDir unable to walk dir `c:\Users\DELL\Documents\GitHub\GAM_Med\dataconnect`: GetFileAttributesEx c:\Users\DELL\Documents\GitHub\GAM_Med\dataconnect: The system cannot find the file specified.
 {"metadata":{"emulator":{"name":"dataconnect"},"message":"E0613 11:29:49.804141    2616 watch.go:116] watchAllDir unable to walk dir `c:\\Users\\DELL\\Documents\\GitHub\\GAM_Med\\dataconnect`: GetFileAttributesEx c:\\Users\\DELL\\Documents\\GitHub\\GAM_Med\\dataconnect: The system cannot find the file specified.\n"}}
[debug] [2026-06-13T10:29:49.804Z] E0613 11:29:49.804141    2616 watch.go:40] Failed to load config from "c:\\Users\\DELL\\Documents\\GitHub\\GAM_Med\\dataconnect": could not find dataconnect.yaml in `c:\Users\DELL\Documents\GitHub\GAM_Med\dataconnect`
 {"metadata":{"emulator":{"name":"dataconnect"},"message":"E0613 11:29:49.804141    2616 watch.go:40] Failed to load config from \"c:\\\\Users\\\\DELL\\\\Documents\\\\GitHub\\\\GAM_Med\\\\dataconnect\": could not find dataconnect.yaml in `c:\\Users\\DELL\\Documents\\GitHub\\GAM_Med\\dataconnect`\n"}}
[debug] [2026-06-13T10:29:59.804Z] E0613 11:29:59.804819    2616 watch.go:40] Failed to load config from "c:\\Users\\DELL\\Documents\\GitHub\\GAM_Med\\dataconnect": could not find dataconnect.yaml in `c:\Users\DELL\Documents\GitHub\GAM_Med\dataconnect`
 {"metadata":{"emulator":{"name":"dataconnect"},"message":"E0613 11:29:59.804819    2616 watch.go:40] Failed to load config from \"c:\\\\Users\\\\DELL\\\\Documents\\\\GitHub\\\\GAM_Med\\\\dataconnect\": could not find dataconnect.yaml in `c:\\Users\\DELL\\Documents\\GitHub\\GAM_Med\\dataconnect`\n"}}
[debug] [2026-06-13T10:30:09.804Z] E0613 11:30:09.804028    2616 watch.go:40] Failed to load config from "c:\\Users\\DELL\\Documents\\GitHub\\GAM_Med\\dataconnect": could not find dataconnect.yaml in `c:\Users\DELL\Documents\GitHub\GAM_Med\dataconnect`
 {"metadata":{"emulator":{"name":"dataconnect"},"message":"E0613 11:30:09.804028    2616 watch.go:40] Failed to load config from \"c:\\\\Users\\\\DELL\\\\Documents\\\\GitHub\\\\GAM_Med\\\\dataconnect\": could not find dataconnect.yaml in `c:\\Users\\DELL\\Documents\\GitHub\\GAM_Med\\dataconnect`\n"}}
[debug] [2026-06-13T10:30:19.804Z] E0613 11:30:19.804667    2616 watch.go:40] Failed to load config from "c:\\Users\\DELL\\Documents\\GitHub\\GAM_Med\\dataconnect": could not find dataconnect.yaml in `c:\Users\DELL\Documents\GitHub\GAM_Med\dataconnect`
 {"metadata":{"emulator":{"name":"dataconnect"},"message":"E0613 11:30:19.804667    2616 watch.go:40] Failed to load config from \"c:\\\\Users\\\\DELL\\\\Documents\\\\GitHub\\\\GAM_Med\\\\dataconnect\": could not find dataconnect.yaml in `c:\\Users\\DELL\\Documents\\GitHub\\GAM_Med\\dataconnect`\n"}}
[debug] [2026-06-13T10:30:29.804Z] E0613 11:30:29.804104    2616 watch.go:40] Failed to load config from "c:\\Users\\DELL\\Documents\\GitHub\\GAM_Med\\dataconnect": could not find dataconnect.yaml in `c:\Users\DELL\Documents\GitHub\GAM_Med\dataconnect`
 {"metadata":{"emulator":{"name":"dataconnect"},"message":"E0613 11:30:29.804104    2616 watch.go:40] Failed to load config from \"c:\\\\Users\\\\DELL\\\\Documents\\\\GitHub\\\\GAM_Med\\\\dataconnect\": could not find dataconnect.yaml in `c:\\Users\\DELL\\Documents\\GitHub\\GAM_Med\\dataconnect`\n"}}
[debug] [2026-06-13T10:30:39.805Z] E0613 11:30:39.804762    2616 watch.go:40] Failed to load config from "c:\\Users\\DELL\\Documents\\GitHub\\GAM_Med\\dataconnect": could not find dataconnect.yaml in `c:\Users\DELL\Documents\GitHub\GAM_Med\dataconnect`
 {"metadata":{"emulator":{"name":"dataconnect"},"message":"E0613 11:30:39.804762    2616 watch.go:40] Failed to load config from \"c:\\\\Users\\\\DELL\\\\Documents\\\\GitHub\\\\GAM_Med\\\\dataconnect\": could not find dataconnect.yaml in `c:\\Users\\DELL\\Documents\\GitHub\\GAM_Med\\dataconnect`\n"}}
[debug] [2026-06-13T10:30:49.804Z] E0613 11:30:49.804161    2616 watch.go:116] watchAllDir unable to walk dir `c:\Users\DELL\Documents\GitHub\GAM_Med\dataconnect`: GetFileAttributesEx c:\Users\DELL\Documents\GitHub\GAM_Med\dataconnect: The system cannot find the file specified.
 {"metadata":{"emulator":{"name":"dataconnect"},"message":"E0613 11:30:49.804161    2616 watch.go:116] watchAllDir unable to walk dir `c:\\Users\\DELL\\Documents\\GitHub\\GAM_Med\\dataconnect`: GetFileAttributesEx c:\\Users\\DELL\\Documents\\GitHub\\GAM_Med\\dataconnect: The system cannot find the file specified.\n"}}
[debug] [2026-06-13T10:30:49.805Z] E0613 11:30:49.804161    2616 watch.go:40] Failed to load config from "c:\\Users\\DELL\\Documents\\GitHub\\GAM_Med\\dataconnect": could not find dataconnect.yaml in `c:\Users\DELL\Documents\GitHub\GAM_Med\dataconnect`
 {"metadata":{"emulator":{"name":"dataconnect"},"message":"E0613 11:30:49.804161    2616 watch.go:40] Failed to load config from \"c:\\\\Users\\\\DELL\\\\Documents\\\\GitHub\\\\GAM_Med\\\\dataconnect\": could not find dataconnect.yaml in `c:\\Users\\DELL\\Documents\\GitHub\\GAM_Med\\dataconnect`\n"}}
[debug] [2026-06-13T10:30:59.804Z] E0613 11:30:59.803912    2616 watch.go:40] Failed to load config from "c:\\Users\\DELL\\Documents\\GitHub\\GAM_Med\\dataconnect": could not find dataconnect.yaml in `c:\Users\DELL\Documents\GitHub\GAM_Med\dataconnect`
 {"metadata":{"emulator":{"name":"dataconnect"},"message":"E0613 11:30:59.803912    2616 watch.go:40] Failed to load config from \"c:\\\\Users\\\\DELL\\\\Documents\\\\GitHub\\\\GAM_Med\\\\dataconnect\": could not find dataconnect.yaml in `c:\\Users\\DELL\\Documents\\GitHub\\GAM_Med\\dataconnect`\n"}}
[debug] [2026-06-13T10:31:09.804Z] E0613 11:31:09.804324    2616 watch.go:40] Failed to load config from "c:\\Users\\DELL\\Documents\\GitHub\\GAM_Med\\dataconnect": could not find dataconnect.yaml in `c:\Users\DELL\Documents\GitHub\GAM_Med\dataconnect`
 {"metadata":{"emulator":{"name":"dataconnect"},"message":"E0613 11:31:09.804324    2616 watch.go:40] Failed to load config from \"c:\\\\Users\\\\DELL\\\\Documents\\\\GitHub\\\\GAM_Med\\\\dataconnect\": could not find dataconnect.yaml in `c:\\Users\\DELL\\Documents\\GitHub\\GAM_Med\\dataconnect`\n"}}
[debug] [2026-06-13T10:31:19.804Z] E0613 11:31:19.803992    2616 watch.go:40] Failed to load config from "c:\\Users\\DELL\\Documents\\GitHub\\GAM_Med\\dataconnect": could not find dataconnect.yaml in `c:\Users\DELL\Documents\GitHub\GAM_Med\dataconnect`
 {"metadata":{"emulator":{"name":"dataconnect"},"message":"E0613 11:31:19.803992    2616 watch.go:40] Failed to load config from \"c:\\\\Users\\\\DELL\\\\Documents\\\\GitHub\\\\GAM_Med\\\\dataconnect\": could not find dataconnect.yaml in `c:\\Users\\DELL\\Documents\\GitHub\\GAM_Med\\dataconnect`\n"}}
[debug] [2026-06-13T10:31:29.804Z] E0613 11:31:29.804231    2616 watch.go:40] Failed to load config from "c:\\Users\\DELL\\Documents\\GitHub\\GAM_Med\\dataconnect": could not find dataconnect.yaml in `c:\Users\DELL\Documents\GitHub\GAM_Med\dataconnect`
 {"metadata":{"emulator":{"name":"dataconnect"},"message":"E0613 11:31:29.804231    2616 watch.go:40] Failed to load config from \"c:\\\\Users\\\\DELL\\\\Documents\\\\GitHub\\\\GAM_Med\\\\dataconnect\": could not find dataconnect.yaml in `c:\\Users\\DELL\\Documents\\GitHub\\GAM_Med\\dataconnect`\n"}}
[debug] [2026-06-13T10:31:39.804Z] E0613 11:31:39.804098    2616 watch.go:40] Failed to load config from "c:\\Users\\DELL\\Documents\\GitHub\\GAM_Med\\dataconnect": could not find dataconnect.yaml in `c:\Users\DELL\Documents\GitHub\GAM_Med\dataconnect`
 {"metadata":{"emulator":{"name":"dataconnect"},"message":"E0613 11:31:39.804098    2616 watch.go:40] Failed to load config from \"c:\\\\Users\\\\DELL\\\\Documents\\\\GitHub\\\\GAM_Med\\\\dataconnect\": could not find dataconnect.yaml in `c:\\Users\\DELL\\Documents\\GitHub\\GAM_Med\\dataconnect`\n"}}
[debug] [2026-06-13T10:31:49.804Z] E0613 11:31:49.803982    2616 watch.go:116] watchAllDir unable to walk dir `c:\Users\DELL\Documents\GitHub\GAM_Med\dataconnect`: GetFileAttributesEx c:\Users\DELL\Documents\GitHub\GAM_Med\dataconnect: The system cannot find the file specified.
E0613 11:31:49.803982    2616 watch.go:40] Failed to load config from "c:\\Users\\DELL\\Documents\\GitHub\\GAM_Med\\dataconnect": could not find dataconnect.yaml in `c:\Users\DELL\Documents\GitHub\GAM_Med\dataconnect`
 {"metadata":{"emulator":{"name":"dataconnect"},"message":"E0613 11:31:49.803982    2616 watch.go:116] watchAllDir unable to walk dir `c:\\Users\\DELL\\Documents\\GitHub\\GAM_Med\\dataconnect`: GetFileAttributesEx c:\\Users\\DELL\\Documents\\GitHub\\GAM_Med\\dataconnect: The system cannot find the file specified.\nE0613 11:31:49.803982    2616 watch.go:40] Failed to load config from \"c:\\\\Users\\\\DELL\\\\Documents\\\\GitHub\\\\GAM_Med\\\\dataconnect\": could not find dataconnect.yaml in `c:\\Users\\DELL\\Documents\\GitHub\\GAM_Med\\dataconnect`\n"}}
[debug] [2026-06-13T10:31:59.804Z] E0613 11:31:59.804497    2616 watch.go:40] Failed to load config from "c:\\Users\\DELL\\Documents\\GitHub\\GAM_Med\\dataconnect": could not find dataconnect.yaml in `c:\Users\DELL\Documents\GitHub\GAM_Med\dataconnect`
 {"metadata":{"emulator":{"name":"dataconnect"},"message":"E0613 11:31:59.804497    2616 watch.go:40] Failed to load config from \"c:\\\\Users\\\\DELL\\\\Documents\\\\GitHub\\\\GAM_Med\\\\dataconnect\": could not find dataconnect.yaml in `c:\\Users\\DELL\\Documents\\GitHub\\GAM_Med\\dataconnect`\n"}}
[debug] [2026-06-13T10:32:09.805Z] E0613 11:32:09.804404    2616 watch.go:40] Failed to load config from "c:\\Users\\DELL\\Documents\\GitHub\\GAM_Med\\dataconnect": could not find dataconnect.yaml in `c:\Users\DELL\Documents\GitHub\GAM_Med\dataconnect`
 {"metadata":{"emulator":{"name":"dataconnect"},"message":"E0613 11:32:09.804404    2616 watch.go:40] Failed to load config from \"c:\\\\Users\\\\DELL\\\\Documents\\\\GitHub\\\\GAM_Med\\\\dataconnect\": could not find dataconnect.yaml in `c:\\Users\\DELL\\Documents\\GitHub\\GAM_Med\\dataconnect`\n"}}
[debug] [2026-06-13T10:32:19.804Z] E0613 11:32:19.804417    2616 watch.go:40] Failed to load config from "c:\\Users\\DELL\\Documents\\GitHub\\GAM_Med\\dataconnect": could not find dataconnect.yaml in `c:\Users\DELL\Documents\GitHub\GAM_Med\dataconnect`
 {"metadata":{"emulator":{"name":"dataconnect"},"message":"E0613 11:32:19.804417    2616 watch.go:40] Failed to load config from \"c:\\\\Users\\\\DELL\\\\Documents\\\\GitHub\\\\GAM_Med\\\\dataconnect\": could not find dataconnect.yaml in `c:\\Users\\DELL\\Documents\\GitHub\\GAM_Med\\dataconnect`\n"}}
[debug] [2026-06-13T10:32:29.804Z] E0613 11:32:29.804207    2616 watch.go:40] Failed to load config from "c:\\Users\\DELL\\Documents\\GitHub\\GAM_Med\\dataconnect": could not find dataconnect.yaml in `c:\Users\DELL\Documents\GitHub\GAM_Med\dataconnect`
 {"metadata":{"emulator":{"name":"dataconnect"},"message":"E0613 11:32:29.804207    2616 watch.go:40] Failed to load config from \"c:\\\\Users\\\\DELL\\\\Documents\\\\GitHub\\\\GAM_Med\\\\dataconnect\": could not find dataconnect.yaml in `c:\\Users\\DELL\\Documents\\GitHub\\GAM_Med\\dataconnect`\n"}}
[debug] [2026-06-13T10:32:39.804Z] E0613 11:32:39.804193    2616 watch.go:40] Failed to load config from "c:\\Users\\DELL\\Documents\\GitHub\\GAM_Med\\dataconnect": could not find dataconnect.yaml in `c:\Users\DELL\Documents\GitHub\GAM_Med\dataconnect`
 {"metadata":{"emulator":{"name":"dataconnect"},"message":"E0613 11:32:39.804193    2616 watch.go:40] Failed to load config from \"c:\\\\Users\\\\DELL\\\\Documents\\\\GitHub\\\\GAM_Med\\\\dataconnect\": could not find dataconnect.yaml in `c:\\Users\\DELL\\Documents\\GitHub\\GAM_Med\\dataconnect`\n"}}
[debug] [2026-06-13T10:32:49.804Z] E0613 11:32:49.804104    2616 watch.go:116] watchAllDir unable to walk dir `c:\Users\DELL\Documents\GitHub\GAM_Med\dataconnect`: GetFileAttributesEx c:\Users\DELL\Documents\GitHub\GAM_Med\dataconnect: The system cannot find the file specified.
E0613 11:32:49.804104    2616 watch.go:40] Failed to load config from "c:\\Users\\DELL\\Documents\\GitHub\\GAM_Med\\dataconnect": could not find dataconnect.yaml in `c:\Users\DELL\Documents\GitHub\GAM_Med\dataconnect`
 {"metadata":{"emulator":{"name":"dataconnect"},"message":"E0613 11:32:49.804104    2616 watch.go:116] watchAllDir unable to walk dir `c:\\Users\\DELL\\Documents\\GitHub\\GAM_Med\\dataconnect`: GetFileAttributesEx c:\\Users\\DELL\\Documents\\GitHub\\GAM_Med\\dataconnect: The system cannot find the file specified.\nE0613 11:32:49.804104    2616 watch.go:40] Failed to load config from \"c:\\\\Users\\\\DELL\\\\Documents\\\\GitHub\\\\GAM_Med\\\\dataconnect\": could not find dataconnect.yaml in `c:\\Users\\DELL\\Documents\\GitHub\\GAM_Med\\dataconnect`\n"}}
[debug] [2026-06-13T10:32:59.803Z] E0613 11:32:59.803885    2616 watch.go:40] Failed to load config from "c:\\Users\\DELL\\Documents\\GitHub\\GAM_Med\\dataconnect": could not find dataconnect.yaml in `c:\Users\DELL\Documents\GitHub\GAM_Med\dataconnect`
 {"metadata":{"emulator":{"name":"dataconnect"},"message":"E0613 11:32:59.803885    2616 watch.go:40] Failed to load config from \"c:\\\\Users\\\\DELL\\\\Documents\\\\GitHub\\\\GAM_Med\\\\dataconnect\": could not find dataconnect.yaml in `c:\\Users\\DELL\\Documents\\GitHub\\GAM_Med\\dataconnect`\n"}}
[debug] [2026-06-13T10:33:09.804Z] E0613 11:33:09.804041    2616 watch.go:40] Failed to load config from "c:\\Users\\DELL\\Documents\\GitHub\\GAM_Med\\dataconnect": could not find dataconnect.yaml in `c:\Users\DELL\Documents\GitHub\GAM_Med\dataconnect`
 {"metadata":{"emulator":{"name":"dataconnect"},"message":"E0613 11:33:09.804041    2616 watch.go:40] Failed to load config from \"c:\\\\Users\\\\DELL\\\\Documents\\\\GitHub\\\\GAM_Med\\\\dataconnect\": could not find dataconnect.yaml in `c:\\Users\\DELL\\Documents\\GitHub\\GAM_Med\\dataconnect`\n"}}
[debug] [2026-06-13T10:33:19.803Z] E0613 11:33:19.803945    2616 watch.go:40] Failed to load config from "c:\\Users\\DELL\\Documents\\GitHub\\GAM_Med\\dataconnect": could not find dataconnect.yaml in `c:\Users\DELL\Documents\GitHub\GAM_Med\dataconnect`
 {"metadata":{"emulator":{"name":"dataconnect"},"message":"E0613 11:33:19.803945    2616 watch.go:40] Failed to load config from \"c:\\\\Users\\\\DELL\\\\Documents\\\\GitHub\\\\GAM_Med\\\\dataconnect\": could not find dataconnect.yaml in `c:\\Users\\DELL\\Documents\\GitHub\\GAM_Med\\dataconnect`\n"}}
[debug] [2026-06-13T10:33:29.803Z] E0613 11:33:29.804080    2616 watch.go:40] Failed to load config from "c:\\Users\\DELL\\Documents\\GitHub\\GAM_Med\\dataconnect": could not find dataconnect.yaml in `c:\Users\DELL\Documents\GitHub\GAM_Med\dataconnect`
 {"metadata":{"emulator":{"name":"dataconnect"},"message":"E0613 11:33:29.804080    2616 watch.go:40] Failed to load config from \"c:\\\\Users\\\\DELL\\\\Documents\\\\GitHub\\\\GAM_Med\\\\dataconnect\": could not find dataconnect.yaml in `c:\\Users\\DELL\\Documents\\GitHub\\GAM_Med\\dataconnect`\n"}}
[debug] [2026-06-13T10:33:39.804Z] E0613 11:33:39.804029    2616 watch.go:40] Failed to load config from "c:\\Users\\DELL\\Documents\\GitHub\\GAM_Med\\dataconnect": could not find dataconnect.yaml in `c:\Users\DELL\Documents\GitHub\GAM_Med\dataconnect`
 {"metadata":{"emulator":{"name":"dataconnect"},"message":"E0613 11:33:39.804029    2616 watch.go:40] Failed to load config from \"c:\\\\Users\\\\DELL\\\\Documents\\\\GitHub\\\\GAM_Med\\\\dataconnect\": could not find dataconnect.yaml in `c:\\Users\\DELL\\Documents\\GitHub\\GAM_Med\\dataconnect`\n"}}
[debug] [2026-06-13T10:33:49.804Z] E0613 11:33:49.804333    2616 watch.go:40] Failed to load config from "c:\\Users\\DELL\\Documents\\GitHub\\GAM_Med\\dataconnect": could not find dataconnect.yaml in `c:\Users\DELL\Documents\GitHub\GAM_Med\dataconnect`
 {"metadata":{"emulator":{"name":"dataconnect"},"message":"E0613 11:33:49.804333    2616 watch.go:40] Failed to load config from \"c:\\\\Users\\\\DELL\\\\Documents\\\\GitHub\\\\GAM_Med\\\\dataconnect\": could not find dataconnect.yaml in `c:\\Users\\DELL\\Documents\\GitHub\\GAM_Med\\dataconnect`\n"}}
[debug] [2026-06-13T10:33:49.805Z] E0613 11:33:49.804333    2616 watch.go:116] watchAllDir unable to walk dir `c:\Users\DELL\Documents\GitHub\GAM_Med\dataconnect`: GetFileAttributesEx c:\Users\DELL\Documents\GitHub\GAM_Med\dataconnect: The system cannot find the file specified.
 {"metadata":{"emulator":{"name":"dataconnect"},"message":"E0613 11:33:49.804333    2616 watch.go:116] watchAllDir unable to walk dir `c:\\Users\\DELL\\Documents\\GitHub\\GAM_Med\\dataconnect`: GetFileAttributesEx c:\\Users\\DELL\\Documents\\GitHub\\GAM_Med\\dataconnect: The system cannot find the file specified.\n"}}
[debug] [2026-06-13T10:33:59.805Z] E0613 11:33:59.805416    2616 watch.go:40] Failed to load config from "c:\\Users\\DELL\\Documents\\GitHub\\GAM_Med\\dataconnect": could not find dataconnect.yaml in `c:\Users\DELL\Documents\GitHub\GAM_Med\dataconnect`
 {"metadata":{"emulator":{"name":"dataconnect"},"message":"E0613 11:33:59.805416    2616 watch.go:40] Failed to load config from \"c:\\\\Users\\\\DELL\\\\Documents\\\\GitHub\\\\GAM_Med\\\\dataconnect\": could not find dataconnect.yaml in `c:\\Users\\DELL\\Documents\\GitHub\\GAM_Med\\dataconnect`\n"}}
[debug] [2026-06-13T10:34:09.804Z] E0613 11:34:09.804254    2616 watch.go:40] Failed to load config from "c:\\Users\\DELL\\Documents\\GitHub\\GAM_Med\\dataconnect": could not find dataconnect.yaml in `c:\Users\DELL\Documents\GitHub\GAM_Med\dataconnect`
 {"metadata":{"emulator":{"name":"dataconnect"},"message":"E0613 11:34:09.804254    2616 watch.go:40] Failed to load config from \"c:\\\\Users\\\\DELL\\\\Documents\\\\GitHub\\\\GAM_Med\\\\dataconnect\": could not find dataconnect.yaml in `c:\\Users\\DELL\\Documents\\GitHub\\GAM_Med\\dataconnect`\n"}}
[debug] [2026-06-13T10:34:19.804Z] E0613 11:34:19.803928    2616 watch.go:40] Failed to load config from "c:\\Users\\DELL\\Documents\\GitHub\\GAM_Med\\dataconnect": could not find dataconnect.yaml in `c:\Users\DELL\Documents\GitHub\GAM_Med\dataconnect`
 {"metadata":{"emulator":{"name":"dataconnect"},"message":"E0613 11:34:19.803928    2616 watch.go:40] Failed to load config from \"c:\\\\Users\\\\DELL\\\\Documents\\\\GitHub\\\\GAM_Med\\\\dataconnect\": could not find dataconnect.yaml in `c:\\Users\\DELL\\Documents\\GitHub\\GAM_Med\\dataconnect`\n"}}
[debug] [2026-06-13T10:34:29.804Z] E0613 11:34:29.804350    2616 watch.go:40] Failed to load config from "c:\\Users\\DELL\\Documents\\GitHub\\GAM_Med\\dataconnect": could not find dataconnect.yaml in `c:\Users\DELL\Documents\GitHub\GAM_Med\dataconnect`
 {"metadata":{"emulator":{"name":"dataconnect"},"message":"E0613 11:34:29.804350    2616 watch.go:40] Failed to load config from \"c:\\\\Users\\\\DELL\\\\Documents\\\\GitHub\\\\GAM_Med\\\\dataconnect\": could not find dataconnect.yaml in `c:\\Users\\DELL\\Documents\\GitHub\\GAM_Med\\dataconnect`\n"}}
[debug] [2026-06-13T10:34:39.804Z] E0613 11:34:39.804150    2616 watch.go:40] Failed to load config from "c:\\Users\\DELL\\Documents\\GitHub\\GAM_Med\\dataconnect": could not find dataconnect.yaml in `c:\Users\DELL\Documents\GitHub\GAM_Med\dataconnect`
 {"metadata":{"emulator":{"name":"dataconnect"},"message":"E0613 11:34:39.804150    2616 watch.go:40] Failed to load config from \"c:\\\\Users\\\\DELL\\\\Documents\\\\GitHub\\\\GAM_Med\\\\dataconnect\": could not find dataconnect.yaml in `c:\\Users\\DELL\\Documents\\GitHub\\GAM_Med\\dataconnect`\n"}}
[debug] [2026-06-13T10:34:49.804Z] E0613 11:34:49.804014    2616 watch.go:116] watchAllDir unable to walk dir `c:\Users\DELL\Documents\GitHub\GAM_Med\dataconnect`: GetFileAttributesEx c:\Users\DELL\Documents\GitHub\GAM_Med\dataconnect: The system cannot find the file specified.
 {"metadata":{"emulator":{"name":"dataconnect"},"message":"E0613 11:34:49.804014    2616 watch.go:116] watchAllDir unable to walk dir `c:\\Users\\DELL\\Documents\\GitHub\\GAM_Med\\dataconnect`: GetFileAttributesEx c:\\Users\\DELL\\Documents\\GitHub\\GAM_Med\\dataconnect: The system cannot find the file specified.\n"}}
[debug] [2026-06-13T10:34:49.804Z] E0613 11:34:49.804014    2616 watch.go:40] Failed to load config from "c:\\Users\\DELL\\Documents\\GitHub\\GAM_Med\\dataconnect": could not find dataconnect.yaml in `c:\Users\DELL\Documents\GitHub\GAM_Med\dataconnect`
 {"metadata":{"emulator":{"name":"dataconnect"},"message":"E0613 11:34:49.804014    2616 watch.go:40] Failed to load config from \"c:\\\\Users\\\\DELL\\\\Documents\\\\GitHub\\\\GAM_Med\\\\dataconnect\": could not find dataconnect.yaml in `c:\\Users\\DELL\\Documents\\GitHub\\GAM_Med\\dataconnect`\n"}}
[debug] [2026-06-13T10:34:59.804Z] E0613 11:34:59.804201    2616 watch.go:40] Failed to load config from "c:\\Users\\DELL\\Documents\\GitHub\\GAM_Med\\dataconnect": could not find dataconnect.yaml in `c:\Users\DELL\Documents\GitHub\GAM_Med\dataconnect`
 {"metadata":{"emulator":{"name":"dataconnect"},"message":"E0613 11:34:59.804201    2616 watch.go:40] Failed to load config from \"c:\\\\Users\\\\DELL\\\\Documents\\\\GitHub\\\\GAM_Med\\\\dataconnect\": could not find dataconnect.yaml in `c:\\Users\\DELL\\Documents\\GitHub\\GAM_Med\\dataconnect`\n"}}
[debug] [2026-06-13T10:35:09.804Z] E0613 11:35:09.803929    2616 watch.go:40] Failed to load config from "c:\\Users\\DELL\\Documents\\GitHub\\GAM_Med\\dataconnect": could not find dataconnect.yaml in `c:\Users\DELL\Documents\GitHub\GAM_Med\dataconnect`
 {"metadata":{"emulator":{"name":"dataconnect"},"message":"E0613 11:35:09.803929    2616 watch.go:40] Failed to load config from \"c:\\\\Users\\\\DELL\\\\Documents\\\\GitHub\\\\GAM_Med\\\\dataconnect\": could not find dataconnect.yaml in `c:\\Users\\DELL\\Documents\\GitHub\\GAM_Med\\dataconnect`\n"}}
[debug] [2026-06-13T10:35:19.804Z] E0613 11:35:19.803867    2616 watch.go:40] Failed to load config from "c:\\Users\\DELL\\Documents\\GitHub\\GAM_Med\\dataconnect": could not find dataconnect.yaml in `c:\Users\DELL\Documents\GitHub\GAM_Med\dataconnect`
 {"metadata":{"emulator":{"name":"dataconnect"},"message":"E0613 11:35:19.803867    2616 watch.go:40] Failed to load config from \"c:\\\\Users\\\\DELL\\\\Documents\\\\GitHub\\\\GAM_Med\\\\dataconnect\": could not find dataconnect.yaml in `c:\\Users\\DELL\\Documents\\GitHub\\GAM_Med\\dataconnect`\n"}}
[debug] [2026-06-13T10:35:29.804Z] E0613 11:35:29.804049    2616 watch.go:40] Failed to load config from "c:\\Users\\DELL\\Documents\\GitHub\\GAM_Med\\dataconnect": could not find dataconnect.yaml in `c:\Users\DELL\Documents\GitHub\GAM_Med\dataconnect`
 {"metadata":{"emulator":{"name":"dataconnect"},"message":"E0613 11:35:29.804049    2616 watch.go:40] Failed to load config from \"c:\\\\Users\\\\DELL\\\\Documents\\\\GitHub\\\\GAM_Med\\\\dataconnect\": could not find dataconnect.yaml in `c:\\Users\\DELL\\Documents\\GitHub\\GAM_Med\\dataconnect`\n"}}
[debug] [2026-06-13T10:35:39.805Z] E0613 11:35:39.804804    2616 watch.go:40] Failed to load config from "c:\\Users\\DELL\\Documents\\GitHub\\GAM_Med\\dataconnect": could not find dataconnect.yaml in `c:\Users\DELL\Documents\GitHub\GAM_Med\dataconnect`
 {"metadata":{"emulator":{"name":"dataconnect"},"message":"E0613 11:35:39.804804    2616 watch.go:40] Failed to load config from \"c:\\\\Users\\\\DELL\\\\Documents\\\\GitHub\\\\GAM_Med\\\\dataconnect\": could not find dataconnect.yaml in `c:\\Users\\DELL\\Documents\\GitHub\\GAM_Med\\dataconnect`\n"}}
[debug] [2026-06-13T10:35:49.804Z] E0613 11:35:49.804388    2616 watch.go:116] watchAllDir unable to walk dir `c:\Users\DELL\Documents\GitHub\GAM_Med\dataconnect`: GetFileAttributesEx c:\Users\DELL\Documents\GitHub\GAM_Med\dataconnect: The system cannot find the file specified.
 {"metadata":{"emulator":{"name":"dataconnect"},"message":"E0613 11:35:49.804388    2616 watch.go:116] watchAllDir unable to walk dir `c:\\Users\\DELL\\Documents\\GitHub\\GAM_Med\\dataconnect`: GetFileAttributesEx c:\\Users\\DELL\\Documents\\GitHub\\GAM_Med\\dataconnect: The system cannot find the file specified.\n"}}
[debug] [2026-06-13T10:35:49.805Z] E0613 11:35:49.804388    2616 watch.go:40] Failed to load config from "c:\\Users\\DELL\\Documents\\GitHub\\GAM_Med\\dataconnect": could not find dataconnect.yaml in `c:\Users\DELL\Documents\GitHub\GAM_Med\dataconnect`
 {"metadata":{"emulator":{"name":"dataconnect"},"message":"E0613 11:35:49.804388    2616 watch.go:40] Failed to load config from \"c:\\\\Users\\\\DELL\\\\Documents\\\\GitHub\\\\GAM_Med\\\\dataconnect\": could not find dataconnect.yaml in `c:\\Users\\DELL\\Documents\\GitHub\\GAM_Med\\dataconnect`\n"}}
[debug] [2026-06-13T10:35:59.804Z] E0613 11:35:59.804304    2616 watch.go:40] Failed to load config from "c:\\Users\\DELL\\Documents\\GitHub\\GAM_Med\\dataconnect": could not find dataconnect.yaml in `c:\Users\DELL\Documents\GitHub\GAM_Med\dataconnect`
 {"metadata":{"emulator":{"name":"dataconnect"},"message":"E0613 11:35:59.804304    2616 watch.go:40] Failed to load config from \"c:\\\\Users\\\\DELL\\\\Documents\\\\GitHub\\\\GAM_Med\\\\dataconnect\": could not find dataconnect.yaml in `c:\\Users\\DELL\\Documents\\GitHub\\GAM_Med\\dataconnect`\n"}}
[debug] [2026-06-13T10:36:09.804Z] E0613 11:36:09.804252    2616 watch.go:40] Failed to load config from "c:\\Users\\DELL\\Documents\\GitHub\\GAM_Med\\dataconnect": could not find dataconnect.yaml in `c:\Users\DELL\Documents\GitHub\GAM_Med\dataconnect`
 {"metadata":{"emulator":{"name":"dataconnect"},"message":"E0613 11:36:09.804252    2616 watch.go:40] Failed to load config from \"c:\\\\Users\\\\DELL\\\\Documents\\\\GitHub\\\\GAM_Med\\\\dataconnect\": could not find dataconnect.yaml in `c:\\Users\\DELL\\Documents\\GitHub\\GAM_Med\\dataconnect`\n"}}
[debug] [2026-06-13T10:36:19.805Z] E0613 11:36:19.804913    2616 watch.go:40] Failed to load config from "c:\\Users\\DELL\\Documents\\GitHub\\GAM_Med\\dataconnect": could not find dataconnect.yaml in `c:\Users\DELL\Documents\GitHub\GAM_Med\dataconnect`
 {"metadata":{"emulator":{"name":"dataconnect"},"message":"E0613 11:36:19.804913    2616 watch.go:40] Failed to load config from \"c:\\\\Users\\\\DELL\\\\Documents\\\\GitHub\\\\GAM_Med\\\\dataconnect\": could not find dataconnect.yaml in `c:\\Users\\DELL\\Documents\\GitHub\\GAM_Med\\dataconnect`\n"}}
[debug] [2026-06-13T10:36:29.804Z] E0613 11:36:29.804086    2616 watch.go:40] Failed to load config from "c:\\Users\\DELL\\Documents\\GitHub\\GAM_Med\\dataconnect": could not find dataconnect.yaml in `c:\Users\DELL\Documents\GitHub\GAM_Med\dataconnect`
 {"metadata":{"emulator":{"name":"dataconnect"},"message":"E0613 11:36:29.804086    2616 watch.go:40] Failed to load config from \"c:\\\\Users\\\\DELL\\\\Documents\\\\GitHub\\\\GAM_Med\\\\dataconnect\": could not find dataconnect.yaml in `c:\\Users\\DELL\\Documents\\GitHub\\GAM_Med\\dataconnect`\n"}}
[debug] [2026-06-13T10:36:39.804Z] E0613 11:36:39.804216    2616 watch.go:40] Failed to load config from "c:\\Users\\DELL\\Documents\\GitHub\\GAM_Med\\dataconnect": could not find dataconnect.yaml in `c:\Users\DELL\Documents\GitHub\GAM_Med\dataconnect`
 {"metadata":{"emulator":{"name":"dataconnect"},"message":"E0613 11:36:39.804216    2616 watch.go:40] Failed to load config from \"c:\\\\Users\\\\DELL\\\\Documents\\\\GitHub\\\\GAM_Med\\\\dataconnect\": could not find dataconnect.yaml in `c:\\Users\\DELL\\Documents\\GitHub\\GAM_Med\\dataconnect`\n"}}
[debug] [2026-06-13T10:36:49.804Z] E0613 11:36:49.804289    2616 watch.go:116] watchAllDir unable to walk dir `c:\Users\DELL\Documents\GitHub\GAM_Med\dataconnect`: GetFileAttributesEx c:\Users\DELL\Documents\GitHub\GAM_Med\dataconnect: The system cannot find the file specified.
 {"metadata":{"emulator":{"name":"dataconnect"},"message":"E0613 11:36:49.804289    2616 watch.go:116] watchAllDir unable to walk dir `c:\\Users\\DELL\\Documents\\GitHub\\GAM_Med\\dataconnect`: GetFileAttributesEx c:\\Users\\DELL\\Documents\\GitHub\\GAM_Med\\dataconnect: The system cannot find the file specified.\n"}}
[debug] [2026-06-13T10:36:49.805Z] E0613 11:36:49.804289    2616 watch.go:40] Failed to load config from "c:\\Users\\DELL\\Documents\\GitHub\\GAM_Med\\dataconnect": could not find dataconnect.yaml in `c:\Users\DELL\Documents\GitHub\GAM_Med\dataconnect`
 {"metadata":{"emulator":{"name":"dataconnect"},"message":"E0613 11:36:49.804289    2616 watch.go:40] Failed to load config from \"c:\\\\Users\\\\DELL\\\\Documents\\\\GitHub\\\\GAM_Med\\\\dataconnect\": could not find dataconnect.yaml in `c:\\Users\\DELL\\Documents\\GitHub\\GAM_Med\\dataconnect`\n"}}
